,FPPG,Id,Nickname,Position,Predict,Salary,P,Third,SS,OF,Second,C_First,Util,LAA,BAL,BOS,CWS,CLE,DET,KAN,MIN,NYY,OAK,SEA,TAM,TEX,TOR,ARI,ATL,CHC,CIN,COL,MIA,HOU,LOS,MIL,WAS,NYM,PHI,PIT,STL,SDP,SFG
0,46.63636364,27274-16959,Trevor Bauer,P,37.357224,11800,1,0,0,0,0,0,0,0,0,0,0,1,0,0,0,0,0,0,0,0,0,0,0,0,0,0,0,0,0,0,0,0,0,0,0,0,0
1,33.14285714,27274-12936,Kyle Gibson,P,33.128685,8400,1,0,0,0,0,0,0,0,0,0,0,0,0,0,1,0,0,0,0,0,0,0,0,0,0,0,0,0,0,0,0,0,0,0,0,0,0
2,35.31578947,27274-13872,Tyler Skaggs,P,26.571720000000003,9800,1,0,0,0,0,0,0,1,0,0,0,0,0,0,0,0,0,0,0,0,0,0,0,0,0,0,0,0,0,0,0,0,0,0,0,0,0
3,7.424242424,27274-79258,Ryne Stanek,P,11.5583725,5500,1,0,0,0,0,0,0,0,0,0,0,0,0,0,0,0,0,0,1,0,0,0,0,0,0,0,0,0,0,0,0,0,0,0,0,0,0
4,40.8,27274-5466,Charlie Morton,P,32.565525,9600,1,0,0,0,0,0,0,0,0,0,0,0,0,0,0,0,0,0,0,0,0,0,0,0,0,0,0,1,0,0,0,0,0,0,0,0,0
5,25.42857143,27274-11339,Mike Leake,P,26.853859999999997,7800,1,0,0,0,0,0,0,0,0,0,0,0,0,0,0,0,0,1,0,0,0,0,0,0,0,0,0,0,0,0,0,0,0,0,0,0,0
6,31.6875,27274-52268,Masahiro Tanaka,P,50.276104,9400,1,0,0,0,0,0,0,0,0,0,0,0,0,0,0,1,0,0,0,0,0,0,0,0,0,0,0,0,0,0,0,0,0,0,0,0,0
7,24.66666667,27274-82975,Yefry Ramirez,P,25.150852,6300,1,0,0,0,0,0,0,0,1,0,0,0,0,0,0,0,0,0,0,0,0,0,0,0,0,0,0,0,0,0,0,0,0,0,0,0,0
8,30.0952381,27274-16961,Jameson Taillon,P,28.840263,8900,1,0,0,0,0,0,0,0,0,0,0,0,0,0,0,0,0,0,0,0,0,0,0,0,0,0,0,0,0,0,0,0,0,1,0,0,0
9,27.7826087,27274-5369,Jon Lester,P,24.639322,8200,1,0,0,0,0,0,0,0,0,0,0,0,0,0,0,0,0,0,0,0,0,0,0,1,0,0,0,0,0,0,0,0,0,0,0,0,0
10,26.90909091,27274-13268,Danny Duffy,P,24.959995000000003,8500,1,0,0,0,0,0,0,0,0,0,0,0,0,1,0,0,0,0,0,0,0,0,0,0,0,0,0,0,0,0,0,0,0,0,0,0,0
11,25.73913043,27274-5615,James Shields,P,28.312231,7200,1,0,0,0,0,0,0,0,0,0,1,0,0,0,0,0,0,0,0,0,0,0,0,0,0,0,0,0,0,0,0,0,0,0,0,0,0
12,31.84210526,27274-52155,Jon Gray,P,32.227844,8300,1,0,0,0,0,0,0,0,0,0,0,0,0,0,0,0,0,0,0,0,0,0,0,0,0,1,0,0,0,0,0,0,0,0,0,0,0
13,28.55555556,27274-79246,Jack Flaherty,P,29.630411,7700,1,0,0,0,0,0,0,0,0,0,0,0,0,0,0,0,0,0,0,0,0,0,0,0,0,0,0,0,0,0,0,0,0,0,1,0,0
14,28.5,27274-63827,Zack Godley,P,28.103409999999997,8100,1,0,0,0,0,0,0,0,0,0,0,0,0,0,0,0,0,0,0,0,0,1,0,0,0,0,0,0,0,0,0,0,0,0,0,0,0
15,20.33333333,27274-5892,Bartolo Colon,P,22.312695,6000,1,0,0,0,0,0,0,0,0,0,0,0,0,0,0,0,0,0,0,1,0,0,0,0,0,0,0,0,0,0,0,0,0,0,0,0,0
16,27.66666667,27274-38101,Tanner Roark,P,39.533592,7600,1,0,0,0,0,0,0,0,0,0,0,0,0,0,0,0,0,0,0,0,0,0,0,0,0,0,0,0,0,0,1,0,0,0,0,0,0
17,26.95,27274-52174,Steven Matz,P,27.747795,7500,1,0,0,0,0,0,0,0,0,0,0,0,0,0,0,0,0,0,0,0,0,0,0,0,0,0,0,0,0,0,0,1,0,0,0,0,0
18,28.08333333,27274-79168,Walker Buehler,P,22.71973,7400,1,0,0,0,0,0,0,0,0,0,0,0,0,0,0,0,0,0,0,0,0,0,0,0,0,0,0,0,1,0,0,0,0,0,0,0,0
19,20.4,27274-12972,Wade Miley,P,23.497524,6100,1,0,0,0,0,0,0,0,0,0,0,0,0,0,0,0,0,0,0,0,0,0,0,0,0,0,0,0,0,1,0,0,0,0,0,0,0
20,27.0,27274-12306,Jake Arrieta,P,23.730644,7300,1,0,0,0,0,0,0,0,0,0,0,0,0,0,0,0,0,0,0,0,0,0,0,0,0,0,0,0,0,0,0,0,1,0,0,0,0
21,18.11111111,27274-13438,Drew Pomeranz,P,23.247763,6200,1,0,0,0,0,0,0,0,0,1,0,0,0,0,0,0,0,0,0,0,0,0,0,0,0,0,0,0,0,0,0,0,0,0,0,0,0
22,22.05555556,27274-23409,Dan Straily,P,26.508589,7000,1,0,0,0,0,0,0,0,0,0,0,0,0,0,0,0,0,0,0,0,0,0,0,0,0,0,1,0,0,0,0,0,0,0,0,0,0
23,29.63636364,27274-5599,Trevor Cahill,P,21.005701000000002,6900,1,0,0,0,0,0,0,0,0,0,0,0,0,0,0,0,1,0,0,0,0,0,0,0,0,0,0,0,0,0,0,0,0,0,0,0,0
24,21.33333333,27274-80344,Sam Gaviglio,P,26.214771000000002,6700,1,0,0,0,0,0,0,0,0,0,0,0,0,0,0,0,0,0,0,0,1,0,0,0,0,0,0,0,0,0,0,0,0,0,0,0,0
25,26.45,27274-63136,Matthew Boyd,P,26.819202,6500,1,0,0,0,0,0,0,0,0,0,0,0,1,0,0,0,0,0,0,0,0,0,0,0,0,0,0,0,0,0,0,0,0,0,0,0,0
26,17.07692308,27274-5790,Homer Bailey,P,26.565163000000002,5800,1,0,0,0,0,0,0,0,0,0,0,0,0,0,0,0,0,0,0,0,0,0,0,0,1,0,0,0,0,0,0,0,0,0,0,0,0
27,14.72429907,27274-12933,Mike Trout,OF,12.251974,5300,0,0,0,1,0,0,1,1,0,0,0,0,0,0,0,0,0,0,0,0,0,0,0,0,0,0,0,0,0,0,0,0,0,0,0,0,0
28,10.78557645,27274-6197,Justin Upton,OF,9.972218,3700,0,0,0,1,0,0,1,1,0,0,0,0,0,0,0,0,0,0,0,0,0,0,0,0,0,0,0,0,0,0,0,0,0,0,0,0,0
29,8.027380807,27274-13924,Kole Calhoun,OF,14.803239999999999,3400,0,0,0,1,0,0,1,1,0,0,0,0,0,0,0,0,0,0,0,0,0,0,0,0,0,0,0,0,0,0,0,0,0,0,0,0,0
30,7.8703126910000005,27274-82440,Shohei Ohtani,OF,9.95775,3200,0,0,0,1,0,0,1,1,0,0,0,0,0,0,0,0,0,0,0,0,0,0,0,0,0,0,0,0,0,0,0,0,0,0,0,0,0
31,9.665625254,27274-17014,Andrelton Simmons,SS,8.65446,3100,0,0,1,0,0,0,1,1,0,0,0,0,0,0,0,0,0,0,0,0,0,0,0,0,0,0,0,0,0,0,0,0,0,0,0,0,0
32,5.676344349,27274-5225,Luis Valbuena,3B,8.969248,2300,0,1,0,0,0,0,1,1,0,0,0,0,0,0,0,0,0,0,0,0,0,0,0,0,0,0,0,0,0,0,0,0,0,0,0,0,0
33,2.712500095,27274-80431,Nolan Fontana,SS,9.733474000000001,2000,0,0,1,0,0,0,1,1,0,0,0,0,0,0,0,0,0,0,0,0,0,0,0,0,0,0,0,0,0,0,0,0,0,0,0,0,0
34,1.550000054,27274-21088,Jabari Blash,OF,7.3207759999999995,2000,0,0,0,1,0,0,1,1,0,0,0,0,0,0,0,0,0,0,0,0,0,0,0,0,0,0,0,0,0,0,0,0,0,0,0,0,0
35,2.479999924,27274-21117,Kaleb Cowart,3B,7.9375834,2000,0,1,0,0,0,0,1,1,0,0,0,0,0,0,0,0,0,0,0,0,0,0,0,0,0,0,0,0,0,0,0,0,0,0,0,0,0
36,6.279999924,27274-70636,Ryan Schimpf,3B,9.007924000000001,2000,0,1,0,0,0,0,1,1,0,0,0,0,0,0,0,0,0,0,0,0,0,0,0,0,0,0,0,0,0,0,0,0,0,0,0,0,0
37,7.706666395,27274-73832,Joey Wendle,2B,10.588878999999999,2900,0,0,0,0,1,0,1,0,0,0,0,0,0,0,0,0,0,0,1,0,0,0,0,0,0,0,0,0,0,0,0,0,0,0,0,0,0
38,9.076190767,27274-13961,Kevin Kiermaier,OF,11.614141,2900,0,0,0,1,0,0,1,0,0,0,0,0,0,0,0,0,0,0,1,0,0,0,0,0,0,0,0,0,0,0,0,0,0,0,0,0,0
39,8.417241238999999,27274-53844,Matt Duffy,3B,8.500161,2600,0,1,0,0,0,0,1,0,0,0,0,0,0,0,0,0,0,0,1,0,0,0,0,0,0,0,0,0,0,0,0,0,0,0,0,0,0
40,7.806315532,27274-38842,Mallex Smith,OF,7.5631113,2500,0,0,0,1,0,0,1,0,0,0,0,0,0,0,0,0,0,0,1,0,0,0,0,0,0,0,0,0,0,0,0,0,0,0,0,0,0
41,7.242622751,27274-13060,Adeiny Hechavarria,SS,10.80768,2400,0,0,1,0,0,0,1,0,0,0,0,0,0,0,0,0,0,0,1,0,0,0,0,0,0,0,0,0,0,0,0,0,0,0,0,0,0
42,7.551764993,27274-5211,Carlos Gomez,OF,8.374568,2400,0,0,0,1,0,0,1,0,0,0,0,0,0,0,0,0,0,0,1,0,0,0,0,0,0,0,0,0,0,0,0,0,0,0,0,0,0
43,3.0,27274-12560,Brandon Snyder,3B,11.1585655,2000,0,1,0,0,0,0,1,0,0,0,0,0,0,0,0,0,0,0,1,0,0,0,0,0,0,0,0,0,0,0,0,0,0,0,0,0,0
44,4.3125,27274-53757,Rob Refsnyder,OF,6.4835606,2000,0,0,0,1,0,0,1,0,0,0,0,0,0,0,0,0,0,0,1,0,0,0,0,0,0,0,0,0,0,0,0,0,0,0,0,0,0
45,14.3138609,27274-13540,J.D. Martinez,OF,10.449333,4800,0,0,0,1,0,0,1,0,0,1,0,0,0,0,0,0,0,0,0,0,0,0,0,0,0,0,0,0,0,0,0,0,0,0,0,0,0
46,16.15681874,27274-39151,Mookie Betts,OF,10.873816999999999,4700,0,0,0,1,0,0,1,0,0,1,0,0,0,0,0,0,0,0,0,0,0,0,0,0,0,0,0,0,0,0,0,0,0,0,0,0,0
47,12.98613837,27274-68495,Andrew Benintendi,OF,8.7484865,4100,0,0,0,1,0,0,1,0,0,1,0,0,0,0,0,0,0,0,0,0,0,0,0,0,0,0,0,0,0,0,0,0,0,0,0,0,0
48,11.79772672,27274-37982,Xander Bogaerts,SS,9.190184,3600,0,0,1,0,0,0,1,0,0,1,0,0,0,0,0,0,0,0,0,0,0,0,0,0,0,0,0,0,0,0,0,0,0,0,0,0,0
49,9.415384481,27274-5504,Ian Kinsler,2B,9.283272,3400,0,0,0,0,1,0,1,0,0,1,0,0,0,0,0,0,0,0,0,0,0,0,0,0,0,0,0,0,0,0,0,0,0,0,0,0,0
50,7.735955056,27274-12505,Eduardo Nunez,2B,6.861297,2500,0,0,0,0,1,0,1,0,0,1,0,0,0,0,0,0,0,0,0,0,0,0,0,0,0,0,0,0,0,0,0,0,0,0,0,0,0
51,8.583158152000001,27274-21637,Jackie Bradley Jr.,OF,9.370339,2500,0,0,0,1,0,0,1,0,0,1,0,0,0,0,0,0,0,0,0,0,0,0,0,0,0,0,0,0,0,0,0,0,0,0,0,0,0
52,7.502985257000001,27274-13685,Brock Holt,2B,8.924023,2400,0,0,0,0,1,0,1,0,0,1,0,0,0,0,0,0,0,0,0,0,0,0,0,0,0,0,0,0,0,0,0,0,0,0,0,0,0
53,6.340000152999999,27274-68496,Sam Travis,OF,7.0699477,2000,0,0,0,1,0,0,1,0,0,1,0,0,0,0,0,0,0,0,0,0,0,0,0,0,0,0,0,0,0,0,0,0,0,0,0,0,0
54,2.9049999239999997,27274-80836,Tzu-Wei Lin,SS,8.371967,2000,0,0,1,0,0,0,1,0,0,1,0,0,0,0,0,0,0,0,0,0,0,0,0,0,0,0,0,0,0,0,0,0,0,0,0,0,0
55,12.32989691,27274-79215,Rhys Hoskins,OF,10.604065,4500,0,0,0,1,0,0,1,0,0,0,0,0,0,0,0,0,0,0,0,0,0,0,0,0,0,0,0,0,0,0,0,0,1,0,0,0,0
56,10.46213569,27274-38319,Odubel Herrera,OF,15.623492,3400,0,0,0,1,0,0,1,0,0,0,0,0,0,0,0,0,0,0,0,0,0,0,0,0,0,0,0,0,0,0,0,0,1,0,0,0,0
57,8.756842362,27274-52178,Maikel Franco,3B,6.866463700000001,3300,0,1,0,0,0,0,1,0,0,0,0,0,0,0,0,0,0,0,0,0,0,0,0,0,0,0,0,0,0,0,0,0,1,0,0,0,0
58,10.02547124,27274-13354,Cesar Hernandez,2B,13.146443,3300,0,0,0,0,1,0,1,0,0,0,0,0,0,0,0,0,0,0,0,0,0,0,0,0,0,0,0,0,0,0,0,0,1,0,0,0,0
59,9.978217701,27274-5221,Asdrubal Cabrera,SS,8.277042,3200,0,0,1,0,0,0,1,0,0,0,0,0,0,0,0,0,0,0,0,0,0,0,0,0,0,0,0,0,0,0,0,0,1,0,0,0,0
60,7.411340458,27274-52193,Nick Williams,OF,7.788338700000001,2700,0,0,0,1,0,0,1,0,0,0,0,0,0,0,0,0,0,0,0,0,0,0,0,0,0,0,0,0,0,0,0,0,1,0,0,0,0
61,5.526966224,27274-54952,Aaron Altherr,OF,8.720371,2500,0,0,0,1,0,0,1,0,0,0,0,0,0,0,0,0,0,0,0,0,0,0,0,0,0,0,0,0,0,0,0,0,1,0,0,0,0
62,6.934313606,27274-79213,Scott Kingery,SS,11.047236999999999,2400,0,0,1,0,0,0,1,0,0,0,0,0,0,0,0,0,0,0,0,0,0,0,0,0,0,0,0,0,0,0,0,0,1,0,0,0,0
63,4.219512195,27274-13346,Ryan Goins,2B,10.745395,2000,0,0,0,0,1,0,1,0,0,0,0,0,0,0,0,0,0,0,0,0,0,0,0,0,0,0,0,0,0,0,0,0,1,0,0,0,0
64,15.42692331,27274-38976,Jose Ramirez,3B,10.898228,4700,0,1,0,0,0,0,1,0,0,0,0,1,0,0,0,0,0,0,0,0,0,0,0,0,0,0,0,0,0,0,0,0,0,0,0,0,0
65,14.42788462,27274-16952,Francisco Lindor,SS,11.780577000000001,4400,0,0,1,0,0,0,1,0,0,0,0,1,0,0,0,0,0,0,0,0,0,0,0,0,0,0,0,0,0,0,0,0,0,0,0,0,0
66,11.15212818,27274-6273,Michael Brantley,OF,8.699225,3400,0,0,0,1,0,0,1,0,0,0,0,1,0,0,0,0,0,0,0,0,0,0,0,0,0,0,0,0,0,0,0,0,0,0,0,0,0
67,8.563917652,27274-12925,Jason Kipnis,2B,9.408939,3000,0,0,0,0,1,0,1,0,0,0,0,1,0,0,0,0,0,0,0,0,0,0,0,0,0,0,0,0,0,0,0,0,0,0,0,0,0
68,5.075409936000001,27274-12989,Brandon Guyer,OF,7.9947586,2800,0,0,0,1,0,0,1,0,0,0,0,1,0,0,0,0,0,0,0,0,0,0,0,0,0,0,0,0,0,0,0,0,0,0,0,0,0
69,10.89999962,27274-79120,Yandy Diaz,3B,7.7131667,2700,0,1,0,0,0,0,1,0,0,0,0,1,0,0,0,0,0,0,0,0,0,0,0,0,0,0,0,0,0,0,0,0,0,0,0,0,0
70,4.7388887760000005,27274-39090,Erik Gonzalez,2B,8.424282,2400,0,0,0,0,1,0,1,0,0,0,0,1,0,0,0,0,0,0,0,0,0,0,0,0,0,0,0,0,0,0,0,0,0,0,0,0,0
71,7.3384616560000016,27274-5393,Melky Cabrera,OF,7.6334743000000005,2400,0,0,0,1,0,0,1,0,0,0,0,1,0,0,0,0,0,0,0,0,0,0,0,0,0,0,0,0,0,0,0,0,0,0,0,0,0
72,5.648571341,27274-5310,Rajai Davis,OF,8.310595,2300,0,0,0,1,0,0,1,0,0,0,0,1,0,0,0,0,0,0,0,0,0,0,0,0,0,0,0,0,0,0,0,0,0,0,0,0,0
73,5.267391371,27274-79115,Greg Allen,OF,6.7710669999999995,2200,0,0,0,1,0,0,1,0,0,0,0,1,0,0,0,0,0,0,0,0,0,0,0,0,0,0,0,0,0,0,0,0,0,0,0,0,0
74,10.38461538,27274-13096,Brian Dozier,2B,10.072664999999999,3500,0,0,0,0,1,0,1,0,0,0,0,0,0,0,1,0,0,0,0,0,0,0,0,0,0,0,0,0,0,0,0,0,0,0,0,0,0
75,11.69038508,27274-38040,Eddie Rosario,OF,15.837494,3400,0,0,0,1,0,0,1,0,0,0,0,0,0,0,1,0,0,0,0,0,0,0,0,0,0,0,0,0,0,0,0,0,0,0,0,0,0
76,9.554166794,27274-21874,Jorge Polanco,SS,11.941654,2600,0,0,1,0,0,0,1,0,0,0,0,0,0,0,1,0,0,0,0,0,0,0,0,0,0,0,0,0,0,0,0,0,0,0,0,0,0
77,9.740000152999999,27274-16950,Miguel Sano,3B,9.610354,2500,0,1,0,0,0,0,1,0,0,0,0,0,0,0,1,0,0,0,0,0,0,0,0,0,0,0,0,0,0,0,0,0,0,0,0,0,0
78,6.495833502999999,27274-13535,Ehire Adrianza,SS,7.902748,2400,0,0,1,0,0,0,1,0,0,0,0,0,0,0,1,0,0,0,0,0,0,0,0,0,0,0,0,0,0,0,0,0,0,0,0,0,0
79,6.897753083,27274-13854,Robbie Grossman,OF,9.707564,2400,0,0,0,1,0,0,1,0,0,0,0,0,0,0,1,0,0,0,0,0,0,0,0,0,0,0,0,0,0,0,0,0,0,0,0,0,0
80,8.920588475,27274-21875,Max Kepler,OF,11.544792999999999,2300,0,0,0,1,0,0,1,0,0,0,0,0,0,0,1,0,0,0,0,0,0,0,0,0,0,0,0,0,0,0,0,0,0,0,0,0,0
81,3.2588236189999997,27274-70518,Taylor Motter,OF,7.2254457,2100,0,0,0,1,0,0,1,0,0,0,0,0,0,0,1,0,0,0,0,0,0,0,0,0,0,0,0,0,0,0,0,0,0,0,0,0,0
82,5.149999936,27274-6108,Gregorio Petit,SS,6.9827580000000005,2100,0,0,1,0,0,0,1,0,0,0,0,0,0,0,1,0,0,0,0,0,0,0,0,0,0,0,0,0,0,0,0,0,0,0,0,0,0
83,4.735714504,27274-39086,Byron Buxton,OF,11.131766,2000,0,0,0,1,0,0,1,0,0,0,0,0,0,0,1,0,0,0,0,0,0,0,0,0,0,0,0,0,0,0,0,0,0,0,0,0,0
84,12.84623603,27274-21609,Christian Yelich,OF,10.942203999999998,4400,0,0,0,1,0,0,1,0,0,0,0,0,0,0,0,0,0,0,0,0,0,0,0,0,0,0,0,0,0,1,0,0,0,0,0,0,0
85,10.17029655,27274-11322,Mike Moustakas,3B,13.02871,3500,0,1,0,0,0,0,1,0,0,0,0,0,0,0,0,0,0,0,0,0,0,0,0,0,0,0,0,0,0,1,0,0,0,0,0,0,0
86,11.03157873,27274-12977,Eric Thames,OF,16.664207,3300,0,0,0,1,0,0,1,0,0,0,0,0,0,0,0,0,0,0,0,0,0,0,0,0,0,0,0,0,0,1,0,0,0,0,0,0,0
87,10.25196031,27274-38571,Travis Shaw,2B,7.0942,3300,0,0,0,0,1,0,1,0,0,0,0,0,0,0,0,0,0,0,0,0,0,0,0,0,0,0,0,0,0,1,0,0,0,0,0,0,0
88,10.74555528,27274-12434,Lorenzo Cain,OF,13.563377,3100,0,0,0,1,0,0,1,0,0,0,0,0,0,0,0,0,0,0,0,0,0,0,0,0,0,0,0,0,0,1,0,0,0,0,0,0,0
89,8.660759647999999,27274-5434,Ryan Braun,OF,5.0616129999999995,3000,0,0,0,1,0,0,1,0,0,0,0,0,0,0,0,0,0,0,0,0,0,0,0,0,0,0,0,0,0,1,0,0,0,0,0,0,0
90,6.929333496,27274-17167,Brad Miller,2B,10.349541,2400,0,0,0,0,1,0,1,0,0,0,0,0,0,0,0,0,0,0,0,0,0,0,0,0,0,0,0,0,0,1,0,0,0,0,0,0,0
91,5.961363359,27274-13892,Hernan Perez,2B,5.5422945,2400,0,0,0,0,1,0,1,0,0,0,0,0,0,0,0,0,0,0,0,0,0,0,0,0,0,0,0,0,0,1,0,0,0,0,0,0,0
92,6.672000122,27274-13593,Keon Broxton,OF,13.366855,2300,0,0,0,1,0,0,1,0,0,0,0,0,0,0,0,0,0,0,0,0,0,0,0,0,0,0,0,0,0,1,0,0,0,0,0,0,0
93,6.2302324160000015,27274-13394,Tyler Saladino,SS,15.646607999999999,2200,0,0,1,0,0,0,1,0,0,0,0,0,0,0,0,0,0,0,0,0,0,0,0,0,0,0,0,0,0,1,0,0,0,0,0,0,0
94,4.598591549,27274-21890,Orlando Arcia,SS,11.180838,2200,0,0,1,0,0,0,1,0,0,0,0,0,0,0,0,0,0,0,0,0,0,0,0,0,0,0,0,0,0,1,0,0,0,0,0,0,0
95,2.498181707,27274-12593,Eric Sogard,SS,7.681839999999999,2000,0,0,1,0,0,0,1,0,0,0,0,0,0,0,0,0,0,0,0,0,0,0,0,0,0,0,0,0,0,1,0,0,0,0,0,0,0
96,5.991935484,27274-38615,Domingo Santana,OF,4.5677959999999995,2000,0,0,0,1,0,0,1,0,0,0,0,0,0,0,0,0,0,0,0,0,0,0,0,0,0,0,0,0,0,1,0,0,0,0,0,0,0
97,12.426167999999999,27274-13929,Manny Machado,3B,22.07293,4200,0,1,0,0,0,0,1,0,0,0,0,0,0,0,0,0,0,0,0,0,0,0,0,0,0,0,0,0,1,0,0,0,0,0,0,0,0
98,9.464077551,27274-5292,Matt Kemp,OF,15.528559,3300,0,0,0,1,0,0,1,0,0,0,0,0,0,0,0,0,0,0,0,0,0,0,0,0,0,0,0,0,1,0,0,0,0,0,0,0,0
99,7.978788125,27274-13864,Joc Pederson,OF,20.15571,3200,0,0,0,1,0,0,1,0,0,0,0,0,0,0,0,0,0,0,0,0,0,0,0,0,0,0,0,0,1,0,0,0,0,0,0,0,0
100,10.15619071,27274-38561,Chris Taylor,SS,16.889275,3200,0,0,1,0,0,0,1,0,0,0,0,0,0,0,0,0,0,0,0,0,0,0,0,0,0,0,0,0,1,0,0,0,0,0,0,0,0
101,9.417721519,27274-38005,Yasiel Puig,OF,13.269741,3100,0,0,0,1,0,0,1,0,0,0,0,0,0,0,0,0,0,0,0,0,0,0,0,0,0,0,0,0,1,0,0,0,0,0,0,0,0
102,9.888678785,27274-79159,Cody Bellinger,OF,14.210909,3000,0,0,0,1,0,0,1,0,0,0,0,0,0,0,0,0,0,0,0,0,0,0,0,0,0,0,0,0,1,0,0,0,0,0,0,0,0
103,8.135714395,27274-79160,Alex Verdugo,OF,10.340765,2300,0,0,0,1,0,0,1,0,0,0,0,0,0,0,0,0,0,0,0,0,0,0,0,0,0,0,0,0,1,0,0,0,0,0,0,0,0
104,7.685714177,27274-71318,Andrew Toles,OF,10.525812,2300,0,0,0,1,0,0,1,0,0,0,0,0,0,0,0,0,0,0,0,0,0,0,0,0,0,0,0,0,1,0,0,0,0,0,0,0,0
105,4.77285723,27274-13072,Logan Forsythe,2B,6.9692655,2100,0,0,0,0,1,0,1,0,0,0,0,0,0,0,0,0,0,0,0,0,0,0,0,0,0,0,0,0,1,0,0,0,0,0,0,0,0
106,4.697058734,27274-5403,Chase Utley,2B,10.119649,2100,0,0,0,0,1,0,1,0,0,0,0,0,0,0,0,0,0,0,0,0,0,0,0,0,0,0,0,0,1,0,0,0,0,0,0,0,0
107,3.412499905,27274-81511,Kyle Farmer,3B,10.186417,2000,0,1,0,0,0,0,1,0,0,0,0,0,0,0,0,0,0,0,0,0,0,0,0,0,0,0,0,0,1,0,0,0,0,0,0,0,0
108,11.67767038,27274-12302,Giancarlo Stanton,OF,7.572324000000001,4300,0,0,0,1,0,0,1,0,0,0,0,0,0,0,0,1,0,0,0,0,0,0,0,0,0,0,0,0,0,0,0,0,0,0,0,0,0
109,11.33434319,27274-13841,Didi Gregorius,SS,5.571288,3700,0,0,1,0,0,0,1,0,0,0,0,0,0,0,0,1,0,0,0,0,0,0,0,0,0,0,0,0,0,0,0,0,0,0,0,0,0
110,11.40119062,27274-13894,Aaron Hicks,OF,11.022051,3500,0,0,0,1,0,0,1,0,0,0,0,0,0,0,0,1,0,0,0,0,0,0,0,0,0,0,0,0,0,0,0,0,0,0,0,0,0
111,9.495698662,27274-79195,Miguel Andujar,3B,7.5316577,3400,0,1,0,0,0,0,1,0,0,0,0,0,0,0,0,1,0,0,0,0,0,0,0,0,0,0,0,0,0,0,0,0,0,0,0,0,0
112,10.33595533,27274-5948,Brett Gardner,OF,4.983247799999999,3400,0,0,0,1,0,0,1,0,0,0,0,0,0,0,0,1,0,0,0,0,0,0,0,0,0,0,0,0,0,0,0,0,0,0,0,0,0
113,6.879710322,27274-6276,Neil Walker,2B,6.660825999999999,2700,0,0,0,0,1,0,1,0,0,0,0,0,0,0,0,1,0,0,0,0,0,0,0,0,0,0,0,0,0,0,0,0,0,0,0,0,0
114,4.107999878,27274-68537,Tyler Wade,2B,8.397047,2100,0,0,0,0,1,0,1,0,0,0,0,0,0,0,0,1,0,0,0,0,0,0,0,0,0,0,0,0,0,0,0,0,0,0,0,0,0
115,5.433333079,27274-13451,Ronald Torreyes,2B,8.366098,2000,0,0,0,0,1,0,1,0,0,0,0,0,0,0,0,1,0,0,0,0,0,0,0,0,0,0,0,0,0,0,0,0,0,0,0,0,0
116,9.175000191,27274-6137,Shane Robinson,OF,7.032327700000001,2000,0,0,0,1,0,0,1,0,0,0,0,0,0,0,0,1,0,0,0,0,0,0,0,0,0,0,0,0,0,0,0,0,0,0,0,0,0
117,9.376470588,27274-16947,Jonathan Schoop,2B,14.726150500000001,3800,0,0,0,0,1,0,1,0,1,0,0,0,0,0,0,0,0,0,0,0,0,0,0,0,0,0,0,0,0,0,0,0,0,0,0,0,0
118,8.822000122,27274-5262,Adam Jones,OF,10.523546000000001,3200,0,0,0,1,0,0,1,0,1,0,0,0,0,0,0,0,0,0,0,0,0,0,0,0,0,0,0,0,0,0,0,0,0,0,0,0,0
119,7.376923194,27274-11326,Tim Beckham,SS,9.949909,3100,0,0,1,0,0,0,1,0,1,0,0,0,0,0,0,0,0,0,0,0,0,0,0,0,0,0,0,0,0,0,0,0,0,0,0,0,0
120,8.682191614,27274-12585,Mark Trumbo,OF,7.7924104000000005,2900,0,0,0,1,0,0,1,0,1,0,0,0,0,0,0,0,0,0,0,0,0,0,0,0,0,0,0,0,0,0,0,0,0,0,0,0,0
121,7.518919249,27274-12292,Danny Valencia,OF,7.9848623,2500,0,0,0,1,0,0,1,0,1,0,0,0,0,0,0,0,0,0,0,0,0,0,0,0,0,0,0,0,0,0,0,0,0,0,0,0,0
122,7.610999756,27274-53401,Trey Mancini,OF,7.649591,2400,0,0,0,1,0,0,1,0,1,0,0,0,0,0,0,0,0,0,0,0,0,0,0,0,0,0,0,0,0,0,0,0,0,0,0,0,0
123,6.959091187,27274-38955,Joey Rickard,OF,8.637986,2300,0,0,0,1,0,0,1,0,1,0,0,0,0,0,0,0,0,0,0,0,0,0,0,0,0,0,0,0,0,0,0,0,0,0,0,0,0
124,4.8789472080000005,27274-53725,Renato Nunez,3B,7.1695633,2100,0,1,0,0,0,0,1,0,1,0,0,0,0,0,0,0,0,0,0,0,0,0,0,0,0,0,0,0,0,0,0,0,0,0,0,0,0
125,6.248437405,27274-21573,Jace Peterson,OF,8.875283,2100,0,0,0,1,0,0,1,0,1,0,0,0,0,0,0,0,0,0,0,0,0,0,0,0,0,0,0,0,0,0,0,0,0,0,0,0,0
126,6.813333469,27274-11098,Pedro Alvarez,3B,7.887014999999999,2000,0,1,0,0,0,0,1,0,1,0,0,0,0,0,0,0,0,0,0,0,0,0,0,0,0,0,0,0,0,0,0,0,0,0,0,0,0
127,3.862499952,27274-38123,Luis Sardinas,2B,6.928748599999999,2000,0,0,0,0,1,0,1,0,1,0,0,0,0,0,0,0,0,0,0,0,0,0,0,0,0,0,0,0,0,0,0,0,0,0,0,0,0
128,2.375,27274-13576,Corban Joseph,2B,5.268243,2000,0,0,0,0,1,0,1,0,1,0,0,0,0,0,0,0,0,0,0,0,0,0,0,0,0,0,0,0,0,0,0,0,0,0,0,0,0
129,12.60806471,27274-12970,A.J. Pollock,OF,10.110315,3900,0,0,0,1,0,0,1,0,0,0,0,0,0,0,0,0,0,0,0,0,0,1,0,0,0,0,0,0,0,0,0,0,0,0,0,0,0
130,10.90808105,27274-13239,Eduardo Escobar,3B,10.824409,3500,0,1,0,0,0,0,1,0,0,0,0,0,0,0,0,0,0,0,0,0,0,1,0,0,0,0,0,0,0,0,0,0,0,0,0,0,0
131,8.774757163,27274-21853,Ketel Marte,2B,9.921938,3300,0,0,0,0,1,0,1,0,0,0,0,0,0,0,0,0,0,0,0,0,0,1,0,0,0,0,0,0,0,0,0,0,0,0,0,0,0
132,8.805,27274-21612,Nick Ahmed,SS,10.419885,2800,0,0,1,0,0,0,1,0,0,0,0,0,0,0,0,0,0,0,0,0,0,1,0,0,0,0,0,0,0,0,0,0,0,0,0,0,0
133,7.8781251910000005,27274-38249,Steven Souza Jr.,OF,9.8548,2800,0,0,0,1,0,0,1,0,0,0,0,0,0,0,0,0,0,0,0,0,0,1,0,0,0,0,0,0,0,0,0,0,0,0,0,0,0
134,7.9571427329999995,27274-12660,Daniel Descalso,2B,10.542869,2600,0,0,0,0,1,0,1,0,0,0,0,0,0,0,0,0,0,0,0,0,0,1,0,0,0,0,0,0,0,0,0,0,0,0,0,0,0
135,8.935643564,27274-11989,Jon Jay,OF,11.071791000000001,2600,0,0,0,1,0,0,1,0,0,0,0,0,0,0,0,0,0,0,0,0,0,1,0,0,0,0,0,0,0,0,0,0,0,0,0,0,0
136,5.634831461,27274-13501,Chris Owings,OF,7.7338614,2400,0,0,0,1,0,0,1,0,0,0,0,0,0,0,0,0,0,0,0,0,0,1,0,0,0,0,0,0,0,0,0,0,0,0,0,0,0
137,3.48333327,27274-80852,Ildemaro Vargas,2B,4.6479206,2000,0,0,0,0,1,0,1,0,0,0,0,0,0,0,0,0,0,0,0,0,0,1,0,0,0,0,0,0,0,0,0,0,0,0,0,0,0
138,3.25,27274-13302,Kristopher Negron,OF,7.1716447,2000,0,0,0,1,0,0,1,0,0,0,0,0,0,0,0,0,0,0,0,0,0,1,0,0,0,0,0,0,0,0,0,0,0,0,0,0,0
139,1.587499976,27274-21815,Socrates Brito,OF,6.106823,2000,0,0,0,1,0,0,1,0,0,0,0,0,0,0,0,0,0,0,0,0,0,1,0,0,0,0,0,0,0,0,0,0,0,0,0,0,0
140,9.939130699999998,27274-5359,Elvis Andrus,SS,8.006625999999999,3900,0,0,1,0,0,0,1,0,0,0,0,0,0,0,0,0,0,0,0,1,0,0,0,0,0,0,0,0,0,0,0,0,0,0,0,0,0
141,9.861038803,27274-21584,Rougned Odor,2B,10.270186,3600,0,0,0,0,1,0,1,0,0,0,0,0,0,0,0,0,0,0,0,1,0,0,0,0,0,0,0,0,0,0,0,0,0,0,0,0,0
142,10.47659561,27274-13262,Jurickson Profar,3B,11.561492,3100,0,1,0,0,0,0,1,0,0,0,0,0,0,0,0,0,0,0,0,1,0,0,0,0,0,0,0,0,0,0,0,0,0,0,0,0,0
143,8.074324323999999,27274-5832,Adrian Beltre,3B,6.9642134,2700,0,1,0,0,0,0,1,0,0,0,0,0,0,0,0,0,0,0,0,1,0,0,0,0,0,0,0,0,0,0,0,0,0,0,0,0,0
144,10.24803969,27274-38321,Joey Gallo,OF,8.105083,2600,0,0,0,1,0,0,1,0,0,0,0,0,0,0,0,0,0,0,0,1,0,0,0,0,0,0,0,0,0,0,0,0,0,0,0,0,0
145,4.836363706,27274-79170,Willie Calhoun,OF,7.641184299999999,2200,0,0,0,1,0,0,1,0,0,0,0,0,0,0,0,0,0,0,0,1,0,0,0,0,0,0,0,0,0,0,0,0,0,0,0,0,0
146,8.4125,27274-13794,Delino DeShields,OF,6.866936999999999,2100,0,0,0,1,0,0,1,0,0,0,0,0,0,0,0,0,0,0,0,1,0,0,0,0,0,0,0,0,0,0,0,0,0,0,0,0,0
147,1.87631587,27274-82837,Carlos Tocci,OF,5.156586,2000,0,0,0,1,0,0,1,0,0,0,0,0,0,0,0,0,0,0,0,1,0,0,0,0,0,0,0,0,0,0,0,0,0,0,0,0,0
148,1.8875000480000002,27274-5319,Cliff Pennington,SS,6.805513400000001,2000,0,0,1,0,0,0,1,0,0,0,0,0,0,0,0,0,0,0,0,1,0,0,0,0,0,0,0,0,0,0,0,0,0,0,0,0,0
149,1.2,27274-38247,Hanser Alberto,3B,6.640517999999999,2000,0,1,0,0,0,0,1,0,0,0,0,0,0,0,0,0,0,0,0,1,0,0,0,0,0,0,0,0,0,0,0,0,0,0,0,0,0
150,5.365384615,27274-79851,Drew Robinson,2B,10.341114,2000,0,0,0,0,1,0,1,0,0,0,0,0,0,0,0,0,0,0,0,1,0,0,0,0,0,0,0,0,0,0,0,0,0,0,0,0,0
151,13.04476144,27274-68522,Alex Bregman,3B,9.537272999999999,4300,0,1,0,0,0,0,1,0,0,0,0,0,0,0,0,0,0,0,0,0,0,0,0,0,0,0,0,1,0,0,0,0,0,0,0,0,0
152,10.97047642,27274-16983,George Springer,OF,11.495151,3900,0,0,0,1,0,0,1,0,0,0,0,0,0,0,0,0,0,0,0,0,0,0,0,0,0,0,0,1,0,0,0,0,0,0,0,0,0
153,8.286904471,27274-5189,Josh Reddick,OF,13.46161,2600,0,0,0,1,0,0,1,0,0,0,0,0,0,0,0,0,0,0,0,0,0,0,0,0,0,0,0,1,0,0,0,0,0,0,0,0,0
154,7.146939025,27274-13694,Marwin Gonzalez,SS,7.6010423,2600,0,0,1,0,0,0,1,0,0,0,0,0,0,0,0,0,0,0,0,0,0,0,0,0,0,0,0,1,0,0,0,0,0,0,0,0,0
155,7.735849057,27274-68471,Tony Kemp,2B,9.601473,2500,0,0,0,0,1,0,1,0,0,0,0,0,0,0,0,0,0,0,0,0,0,0,0,0,0,0,0,1,0,0,0,0,0,0,0,0,0
156,4.88873248,27274-13422,Jake Marisnick,OF,7.913081,2000,0,0,0,1,0,0,1,0,0,0,0,0,0,0,0,0,0,0,0,0,0,0,0,0,0,0,0,1,0,0,0,0,0,0,0,0,0
157,5.558333502999999,27274-79127,Derek Fisher,OF,10.654637,2000,0,0,0,1,0,0,1,0,0,0,0,0,0,0,0,0,0,0,0,0,0,0,0,0,0,0,0,1,0,0,0,0,0,0,0,0,0
158,11.45,27274-5763,Nelson Cruz,OF,7.862696000000001,3600,0,0,0,1,0,0,1,0,0,0,0,0,0,0,0,0,0,1,0,0,0,0,0,0,0,0,0,0,0,0,0,0,0,0,0,0,0
159,11.03030303,27274-13188,Jean Segura,SS,8.129839,3400,0,0,1,0,0,0,1,0,0,0,0,0,0,0,0,0,0,1,0,0,0,0,0,0,0,0,0,0,0,0,0,0,0,0,0,0,0
160,8.745833079,27274-12935,Dee Gordon,2B,9.194275,3100,0,0,0,0,1,0,1,0,0,0,0,0,0,0,0,0,0,1,0,0,0,0,0,0,0,0,0,0,0,0,0,0,0,0,0,0,0
161,11.06213616,27274-73159,Mitch Haniger,OF,7.4056253,3100,0,0,0,1,0,0,1,0,0,0,0,0,0,0,0,0,0,1,0,0,0,0,0,0,0,0,0,0,0,0,0,0,0,0,0,0,0
162,10.72564071,27274-5390,Robinson Cano,2B,9.886045,3000,0,0,0,0,1,0,1,0,0,0,0,0,0,0,0,0,0,1,0,0,0,0,0,0,0,0,0,0,0,0,0,0,0,0,0,0,0
163,8.956730769,27274-13966,Kyle Seager,3B,7.299869500000001,2900,0,1,0,0,0,0,1,0,0,0,0,0,0,0,0,0,0,1,0,0,0,0,0,0,0,0,0,0,0,0,0,0,0,0,0,0,0
164,9.357777913,27274-5204,Denard Span,OF,7.3366704,2700,0,0,0,1,0,0,1,0,0,0,0,0,0,0,0,0,0,1,0,0,0,0,0,0,0,0,0,0,0,0,0,0,0,0,0,0,0
165,6.49577482,27274-70435,Ben Gamel,OF,7.399042,2500,0,0,0,1,0,0,1,0,0,0,0,0,0,0,0,0,0,1,0,0,0,0,0,0,0,0,0,0,0,0,0,0,0,0,0,0,0
166,4.893333266,27274-72261,Guillermo Heredia,OF,6.513282299999999,2100,0,0,0,1,0,0,1,0,0,0,0,0,0,0,0,0,0,1,0,0,0,0,0,0,0,0,0,0,0,0,0,0,0,0,0,0,0
167,2.2,27274-12767,Andrew Romine,SS,6.3861585,2000,0,0,1,0,0,0,1,0,0,0,0,0,0,0,0,0,0,1,0,0,0,0,0,0,0,0,0,0,0,0,0,0,0,0,0,0,0
168,3.515384674,27274-5326,Gordon Beckham,2B,6.2401857000000005,2000,0,0,0,0,1,0,1,0,0,0,0,0,0,0,0,0,0,1,0,0,0,0,0,0,0,0,0,0,0,0,0,0,0,0,0,0,0
169,3.4666666669999997,27274-5373,Ichiro Suzuki,OF,7.048105199999999,2000,0,0,0,1,0,0,1,0,0,0,0,0,0,0,0,0,0,1,0,0,0,0,0,0,0,0,0,0,0,0,0,0,0,0,0,0,0
170,11.98640753,27274-12948,Bryce Harper,OF,9.822718,4200,0,0,0,1,0,0,1,0,0,0,0,0,0,0,0,0,0,0,0,0,0,0,0,0,0,0,0,0,0,0,1,0,0,0,0,0,0
171,10.89047619,27274-65881,Trea Turner,SS,10.565752999999999,3800,0,0,1,0,0,0,1,0,0,0,0,0,0,0,0,0,0,0,0,0,0,0,0,0,0,0,0,0,0,0,1,0,0,0,0,0,0
172,9.44782622,27274-13706,Adam Eaton,OF,10.333902,3200,0,0,0,1,0,0,1,0,0,0,0,0,0,0,0,0,0,0,0,0,0,0,0,0,0,0,0,0,0,0,1,0,0,0,0,0,0
173,6.83513497,27274-5094,Daniel Murphy,2B,9.234561,3100,0,0,0,0,1,0,1,0,0,0,0,0,0,0,0,0,0,0,0,0,0,0,0,0,0,0,0,0,0,0,1,0,0,0,0,0,0
174,7.806250254,27274-21074,Michael A. Taylor,OF,9.418489,2500,0,0,0,1,0,0,1,0,0,0,0,0,0,0,0,0,0,0,0,0,0,0,0,0,0,0,0,0,0,0,1,0,0,0,0,0,0
175,6.143877302000001,27274-62780,Wilmer Difo,2B,8.031513,2100,0,0,0,0,1,0,1,0,0,0,0,0,0,0,0,0,0,0,0,0,0,0,0,0,0,0,0,0,0,0,1,0,0,0,0,0,0
176,2.881481595,27274-12975,Moises Sierra,OF,9.892616,2000,0,0,0,1,0,0,1,0,0,0,0,0,0,0,0,0,0,0,0,0,0,0,0,0,0,0,0,0,0,0,1,0,0,0,0,0,0
177,1.659999975,27274-80855,Adrian Sanchez,SS,8.264033999999999,2000,0,0,1,0,0,0,1,0,0,0,0,0,0,0,0,0,0,0,0,0,0,0,0,0,0,0,0,0,0,0,1,0,0,0,0,0,0
178,1.308333317,27274-38100,Matt Reynolds,3B,7.2389493,2000,0,1,0,0,0,0,1,0,0,0,0,0,0,0,0,0,0,0,0,0,0,0,0,0,0,0,0,0,0,0,1,0,0,0,0,0,0
179,4.296000061,27274-79279,Andrew Stevenson,OF,8.748339999999999,2000,0,0,0,1,0,0,1,0,0,0,0,0,0,0,0,0,0,0,0,0,0,0,0,0,0,0,0,0,0,0,1,0,0,0,0,0,0
180,9.722340685,27274-17097,Brandon Nimmo,OF,14.542142000000002,3300,0,0,0,1,0,0,1,0,0,0,0,0,0,0,0,0,0,0,0,0,0,0,0,0,0,0,0,0,0,0,0,1,0,0,0,0,0
181,6.942424119,27274-68589,Amed Rosario,SS,8.346383,2700,0,0,1,0,0,0,1,0,0,0,0,0,0,0,0,0,0,0,0,0,0,0,0,0,0,0,0,0,0,0,0,1,0,0,0,0,0
182,8.218571254,27274-5564,Jose Bautista,OF,5.973523999999999,2700,0,0,0,1,0,0,1,0,0,0,0,0,0,0,0,0,0,0,0,0,0,0,0,0,0,0,0,0,0,0,0,1,0,0,0,0,0
183,2.130769289,27274-81980,Phillip Evans,3B,10.101063,2100,0,1,0,0,0,0,1,0,0,0,0,0,0,0,0,0,0,0,0,0,0,0,0,0,0,0,0,0,0,0,0,1,0,0,0,0,0
184,4.621311375,27274-10977,Austin Jackson,OF,11.112734,2100,0,0,0,1,0,0,1,0,0,0,0,0,0,0,0,0,0,0,0,0,0,0,0,0,0,0,0,0,0,0,0,1,0,0,0,0,0
185,3.538666585,27274-6130,Jose Reyes,3B,13.186921,2100,0,1,0,0,0,0,1,0,0,0,0,0,0,0,0,0,0,0,0,0,0,0,0,0,0,0,0,0,0,0,0,1,0,0,0,0,0
186,1.022222201,27274-70572,Ty Kelly,2B,5.189472,2000,0,0,0,0,1,0,1,0,0,0,0,0,0,0,0,0,0,0,0,0,0,0,0,0,0,0,0,0,0,0,0,1,0,0,0,0,0
187,1.1875,27274-13350,Matt den Dekker,OF,5.523285,2000,0,0,0,1,0,0,1,0,0,0,0,0,0,0,0,0,0,0,0,0,0,0,0,0,0,0,0,0,0,0,0,1,0,0,0,0,0
188,13.66161616,27274-13719,Nolan Arenado,3B,10.068455,4200,0,1,0,0,0,0,1,0,0,0,0,0,0,0,0,0,0,0,0,0,0,0,0,0,0,1,0,0,0,0,0,0,0,0,0,0,0
189,11.85300049,27274-13229,Charlie Blackmon,OF,11.941089,3800,0,0,0,1,0,0,1,0,0,0,0,0,0,0,0,0,0,0,0,0,0,0,0,0,0,1,0,0,0,0,0,0,0,0,0,0,0
190,11.90769254,27274-52158,Trevor Story,SS,10.182246000000001,3500,0,0,1,0,0,0,1,0,0,0,0,0,0,0,0,0,0,0,0,0,0,0,0,0,0,1,0,0,0,0,0,0,0,0,0,0,0
191,9.838823386,27274-5076,Carlos Gonzalez,OF,11.522138,2700,0,0,0,1,0,0,1,0,0,0,0,0,0,0,0,0,0,0,0,0,0,0,0,0,0,1,0,0,0,0,0,0,0,0,0,0,0
192,7.7915790760000005,27274-5473,Gerardo Parra,OF,7.618854,2400,0,0,0,1,0,0,1,0,0,0,0,0,0,0,0,0,0,0,0,0,0,0,0,0,0,1,0,0,0,0,0,0,0,0,0,0,0
193,7.1906251910000005,27274-52153,David Dahl,OF,9.060331,2100,0,0,0,1,0,0,1,0,0,0,0,0,0,0,0,0,0,0,0,0,0,0,0,0,0,1,0,0,0,0,0,0,0,0,0,0,0
194,2.885714161,27274-73879,Pat Valaika,2B,7.860889,2000,0,0,0,0,1,0,1,0,0,0,0,0,0,0,0,0,0,0,0,0,0,0,0,0,0,1,0,0,0,0,0,0,0,0,0,0,0
195,0.0,27274-68516,Jordan Patterson,OF,8.344603,2000,0,0,0,1,0,0,1,0,0,0,0,0,0,0,0,0,0,0,0,0,0,0,0,0,0,1,0,0,0,0,0,0,0,0,0,0,0
196,4.5214285169999995,27274-60635,Raimel Tapia,OF,8.668161,2000,0,0,0,1,0,0,1,0,0,0,0,0,0,0,0,0,0,0,0,0,0,0,0,0,0,1,0,0,0,0,0,0,0,0,0,0,0
197,3.6888889739999997,27274-53027,Daniel Castro,2B,7.806937700000001,2000,0,0,0,0,1,0,1,0,0,0,0,0,0,0,0,0,0,0,0,0,0,0,0,0,0,1,0,0,0,0,0,0,0,0,0,0,0
198,12.137624,27274-13152,Matt Carpenter,3B,9.769363,3800,0,1,0,0,0,0,1,0,0,0,0,0,0,0,0,0,0,0,0,0,0,0,0,0,0,0,0,0,0,0,0,0,0,0,1,0,0
199,9.580328268999999,27274-80462,Paul DeJong,SS,9.38836,3300,0,0,1,0,0,0,1,0,0,0,0,0,0,0,0,0,0,0,0,0,0,0,0,0,0,0,0,0,0,0,0,0,0,0,1,0,0
200,8.898038976,27274-17086,Marcell Ozuna,OF,8.839893,3100,0,0,0,1,0,0,1,0,0,0,0,0,0,0,0,0,0,0,0,0,0,0,0,0,0,0,0,0,0,0,0,0,0,0,1,0,0
201,6.636904762,27274-13900,Jedd Gyorko,2B,10.04156,2800,0,0,0,0,1,0,1,0,0,0,0,0,0,0,0,0,0,0,0,0,0,0,0,0,0,0,0,0,0,0,0,0,0,0,1,0,0
202,7.276744044,27274-5077,Dexter Fowler,OF,8.849956500000001,2700,0,0,0,1,0,0,1,0,0,0,0,0,0,0,0,0,0,0,0,0,0,0,0,0,0,0,0,0,0,0,0,0,0,0,1,0,0
203,9.896939025,27274-13487,Tommy Pham,OF,7.889047,2700,0,0,0,1,0,0,1,0,0,0,0,0,0,0,0,0,0,0,0,0,0,0,0,0,0,0,0,0,0,0,0,0,0,0,1,0,0
204,7.515151515,27274-79205,Yairo Munoz,SS,9.932731,2700,0,0,1,0,0,0,1,0,0,0,0,0,0,0,0,0,0,0,0,0,0,0,0,0,0,0,0,0,0,0,0,0,0,0,1,0,0
205,6.280722744,27274-79249,Harrison Bader,OF,8.769718,2100,0,0,0,1,0,0,1,0,0,0,0,0,0,0,0,0,0,0,0,0,0,0,0,0,0,0,0,0,0,0,0,0,0,0,1,0,0
206,3.296153924,27274-17145,Greg Garcia,SS,6.946161999999999,2000,0,0,1,0,0,0,1,0,0,0,0,0,0,0,0,0,0,0,0,0,0,0,0,0,0,0,0,0,0,0,0,0,0,0,1,0,0
207,13.38426911,27274-21633,Eugenio Suarez,3B,6.340898999999999,4100,0,1,0,0,0,0,1,0,0,0,0,0,0,0,0,0,0,0,0,0,0,0,0,0,1,0,0,0,0,0,0,0,0,0,0,0,0
208,11.24803969,27274-13286,Scooter Gennett,2B,11.031894,3700,0,0,0,0,1,0,1,0,0,0,0,0,0,0,0,0,0,0,0,0,0,0,0,0,1,0,0,0,0,0,0,0,0,0,0,0,0
209,9.393203883,27274-21797,Jose Peraza,SS,5.318779,3000,0,0,1,0,0,0,1,0,0,0,0,0,0,0,0,0,0,0,0,0,0,0,0,0,1,0,0,0,0,0,0,0,0,0,0,0,0
210,4.899999891,27274-52151,Phillip Ervin,OF,9.066191,2400,0,0,0,1,0,0,1,0,0,0,0,0,0,0,0,0,0,0,0,0,0,0,0,0,1,0,0,0,0,0,0,0,0,0,0,0,0
211,11.77499962,27274-21212,Mason Williams,OF,7.458042999999999,2300,0,0,0,1,0,0,1,0,0,0,0,0,0,0,0,0,0,0,0,0,0,0,0,0,1,0,0,0,0,0,0,0,0,0,0,0,0
212,7.814851364,27274-13368,Billy Hamilton,OF,9.421937,2300,0,0,0,1,0,0,1,0,0,0,0,0,0,0,0,0,0,0,0,0,0,0,0,0,1,0,0,0,0,0,0,0,0,0,0,0,0
213,4.916128835,27274-39109,Preston Tucker,OF,7.188950999999999,2100,0,0,0,1,0,0,1,0,0,0,0,0,0,0,0,0,0,0,0,0,0,0,0,0,1,0,0,0,0,0,0,0,0,0,0,0,0
214,3.614285605,27274-53829,Dilson Herrera,2B,4.2323580000000005,2000,0,0,0,0,1,0,1,0,0,0,0,0,0,0,0,0,0,0,0,0,0,0,0,0,1,0,0,0,0,0,0,0,0,0,0,0,0
215,9.484615116,27274-71182,Jeimer Candelario,3B,6.4129309999999995,3200,0,1,0,0,0,0,1,0,0,0,0,0,1,0,0,0,0,0,0,0,0,0,0,0,0,0,0,0,0,0,0,0,0,0,0,0,0
216,10.73203907,27274-13342,Nicholas Castellanos,OF,8.419603,3100,0,0,0,1,0,0,1,0,0,0,0,0,1,0,0,0,0,0,0,0,0,0,0,0,0,0,0,0,0,0,0,0,0,0,0,0,0
217,9.685897436,27274-14447,Leonys Martin,OF,14.304626999999998,2900,0,0,0,1,0,0,1,0,0,0,0,0,1,0,0,0,0,0,0,0,0,0,0,0,0,0,0,0,0,0,0,0,0,0,0,0,0
218,8.294185905,27274-81924,Niko Goodrum,2B,8.535316,2700,0,0,0,0,1,0,1,0,0,0,0,0,1,0,0,0,0,0,0,0,0,0,0,0,0,0,0,0,0,0,0,0,0,0,0,0,0
219,7.931682927000001,27274-12919,Jose Iglesias,SS,6.7141724,2600,0,0,1,0,0,0,1,0,0,0,0,0,1,0,0,0,0,0,0,0,0,0,0,0,0,0,0,0,0,0,0,0,0,0,0,0,0
220,3.7338983569999997,27274-82414,Victor Reyes,OF,7.4753245999999995,2100,0,0,0,1,0,0,1,0,0,0,0,0,1,0,0,0,0,0,0,0,0,0,0,0,0,0,0,0,0,0,0,0,0,0,0,0,0
221,4.982352762,27274-13283,Jim Adduci,OF,12.335293,2000,0,0,0,1,0,0,1,0,0,0,0,0,1,0,0,0,0,0,0,0,0,0,0,0,0,0,0,0,0,0,0,0,0,0,0,0,0
222,4.853333537,27274-13332,Pete Kozma,3B,7.059732400000001,2000,0,1,0,0,0,0,1,0,0,0,0,0,1,0,0,0,0,0,0,0,0,0,0,0,0,0,0,0,0,0,0,0,0,0,0,0,0
223,5.679104477999999,27274-13343,Dixon Machado,2B,7.497278,2000,0,0,0,0,1,0,1,0,0,0,0,0,1,0,0,0,0,0,0,0,0,0,0,0,0,0,0,0,0,0,0,0,0,0,0,0,0
224,5.029999796999999,27274-38868,Mikie Mahtook,OF,9.036667,2000,0,0,0,1,0,0,1,0,0,0,0,0,1,0,0,0,0,0,0,0,0,0,0,0,0,0,0,0,0,0,0,0,0,0,0,0,0
225,12.41836735,27274-14038,Khris Davis,OF,11.756527,4100,0,0,0,1,0,0,1,0,0,0,0,0,0,0,0,0,1,0,0,0,0,0,0,0,0,0,0,0,0,0,0,0,0,0,0,0,0
226,10.23369565,27274-68544,Matt Chapman,3B,7.612871000000001,3600,0,1,0,0,0,0,1,0,0,0,0,0,0,0,0,0,1,0,0,0,0,0,0,0,0,0,0,0,0,0,0,0,0,0,0,0,0
227,10.64380929,27274-6029,Jed Lowrie,2B,12.562274,3400,0,0,0,0,1,0,1,0,0,0,0,0,0,0,0,0,1,0,0,0,0,0,0,0,0,0,0,0,0,0,0,0,0,0,0,0,0
228,9.383809408,27274-21705,Marcus Semien,SS,9.784449,3000,0,0,1,0,0,0,1,0,0,0,0,0,0,0,0,0,1,0,0,0,0,0,0,0,0,0,0,0,0,0,0,0,0,0,0,0,0
229,9.506060359,27274-38252,Stephen Piscotty,OF,4.407297,2800,0,0,0,1,0,0,1,0,0,0,0,0,0,0,0,0,1,0,0,0,0,0,0,0,0,0,0,0,0,0,0,0,0,0,0,0,0
230,9.064705882,27274-21666,Mark Canha,OF,6.939014,2400,0,0,0,1,0,0,1,0,0,0,0,0,0,0,0,0,1,0,0,0,0,0,0,0,0,0,0,0,0,0,0,0,0,0,0,0,0
231,6.645762815,27274-80853,Dustin Fowler,OF,11.382725,2300,0,0,0,1,0,0,1,0,0,0,0,0,0,0,0,0,1,0,0,0,0,0,0,0,0,0,0,0,0,0,0,0,0,0,0,0,0
232,6.447618757000001,27274-68538,Franklin Barreto,2B,9.332609,2000,0,0,0,0,1,0,1,0,0,0,0,0,0,0,0,0,1,0,0,0,0,0,0,0,0,0,0,0,0,0,0,0,0,0,0,0,0
233,2.470000076,27274-14088,Jake Smolinski,OF,7.850656,2000,0,0,0,1,0,0,1,0,0,0,0,0,0,0,0,0,1,0,0,0,0,0,0,0,0,0,0,0,0,0,0,0,0,0,0,0,0
234,10.25232572,27274-73023,Teoscar Hernandez,OF,10.121507000000001,3300,0,0,0,1,0,0,1,0,0,0,0,0,0,0,0,0,0,0,0,0,1,0,0,0,0,0,0,0,0,0,0,0,0,0,0,0,0
235,7.886206616,27274-5114,Curtis Granderson,OF,10.8093815,3100,0,0,0,1,0,0,1,0,0,0,0,0,0,0,0,0,0,0,0,0,1,0,0,0,0,0,0,0,0,0,0,0,0,0,0,0,0
236,8.835616437999999,27274-13909,Randal Grichuk,OF,9.753958,3000,0,0,0,1,0,0,1,0,0,0,0,0,0,0,0,0,0,0,0,0,1,0,0,0,0,0,0,0,0,0,0,0,0,0,0,0,0
237,9.053921569,27274-13710,Yangervis Solarte,3B,8.280453999999999,2900,0,1,0,0,0,0,1,0,0,0,0,0,0,0,0,0,0,0,0,0,1,0,0,0,0,0,0,0,0,0,0,0,0,0,0,0,0
238,7.746052792,27274-54049,Aledmys Diaz,SS,7.634176700000001,2700,0,0,1,0,0,0,1,0,0,0,0,0,0,0,0,0,0,0,0,0,1,0,0,0,0,0,0,0,0,0,0,0,0,0,0,0,0
239,5.431818182000001,27274-21172,Brandon Drury,2B,10.250831,2200,0,0,0,0,1,0,1,0,0,0,0,0,0,0,0,0,0,0,0,0,1,0,0,0,0,0,0,0,0,0,0,0,0,0,0,0,0
240,5.829166412,27274-68489,Dwight Smith Jr.,OF,8.126377,2100,0,0,0,1,0,0,1,0,0,0,0,0,0,0,0,0,0,0,0,0,1,0,0,0,0,0,0,0,0,0,0,0,0,0,0,0,0
241,1.8,27274-17151,Dalton Pompey,OF,6.4659224,2000,0,0,0,1,0,0,1,0,0,0,0,0,0,0,0,0,0,0,0,0,1,0,0,0,0,0,0,0,0,0,0,0,0,0,0,0,0
242,3.718181957,27274-79271,Richard Urena,SS,6.882536,2000,0,0,1,0,0,0,1,0,0,0,0,0,0,0,0,0,0,0,0,0,1,0,0,0,0,0,0,0,0,0,0,0,0,0,0,0,0
243,1.5,27274-52878,Billy McKinney,OF,8.897555,2000,0,0,0,1,0,0,1,0,0,0,0,0,0,0,0,0,0,0,0,0,1,0,0,0,0,0,0,0,0,0,0,0,0,0,0,0,0
244,0.0,27274-38589,Darnell Sweeney,2B,8.309982000000002,2000,0,0,0,0,1,0,1,0,0,0,0,0,0,0,0,0,0,0,0,0,1,0,0,0,0,0,0,0,0,0,0,0,0,0,0,0,0
245,12.62621359,27274-21885,Javier Baez,2B,9.967072,3700,0,0,0,0,1,0,1,0,0,0,0,0,0,0,0,0,0,0,0,0,0,0,0,1,0,0,0,0,0,0,0,0,0,0,0,0,0
246,10.01914881,27274-60631,Kyle Schwarber,OF,10.260292,3100,0,0,0,1,0,0,1,0,0,0,0,0,0,0,0,0,0,0,0,0,0,0,0,1,0,0,0,0,0,0,0,0,0,0,0,0,0
247,9.233707727999999,27274-11129,Jason Heyward,OF,10.486157,2900,0,0,0,1,0,0,1,0,0,0,0,0,0,0,0,0,0,0,0,0,0,0,0,1,0,0,0,0,0,0,0,0,0,0,0,0,0
248,8.415053501000001,27274-79092,Ian Happ,OF,8.239109,2600,0,0,0,1,0,0,1,0,0,0,0,0,0,0,0,0,0,0,0,0,0,0,0,1,0,0,0,0,0,0,0,0,0,0,0,0,0
249,8.197872081,27274-38136,Addison Russell,SS,8.858135,2600,0,0,1,0,0,0,1,0,0,0,0,0,0,0,0,0,0,0,0,0,0,0,0,1,0,0,0,0,0,0,0,0,0,0,0,0,0
250,7.357142857,27274-38276,Albert Almora Jr.,OF,7.486619,2600,0,0,0,1,0,0,1,0,0,0,0,0,0,0,0,0,0,0,0,0,0,0,0,1,0,0,0,0,0,0,0,0,0,0,0,0,0
251,9.059770255,27274-5608,Ben Zobrist,2B,9.891847,2600,0,0,0,0,1,0,1,0,0,0,0,0,0,0,0,0,0,0,0,0,0,0,0,1,0,0,0,0,0,0,0,0,0,0,0,0,0
252,2.991666703,27274-17198,Tommy La Stella,3B,7.183182700000001,2200,0,1,0,0,0,0,1,0,0,0,0,0,0,0,0,0,0,0,0,0,0,0,0,1,0,0,0,0,0,0,0,0,0,0,0,0,0
253,3.1,27274-68509,Mark Zagunis,OF,7.715014999999999,2000,0,0,0,1,0,0,1,0,0,0,0,0,0,0,0,0,0,0,0,0,0,0,0,1,0,0,0,0,0,0,0,0,0,0,0,0,0
254,11.32708359,27274-17382,Gregory Polanco,OF,6.337314,3700,0,0,0,1,0,0,1,0,0,0,0,0,0,0,0,0,0,0,0,0,0,0,0,0,0,0,0,0,0,0,0,0,0,1,0,0,0
255,12.09032284,27274-13423,Starling Marte,OF,8.623644,3500,0,0,0,1,0,0,1,0,0,0,0,0,0,0,0,0,0,0,0,0,0,0,0,0,0,0,0,0,0,0,0,0,0,1,0,0,0
256,8.489230581000001,27274-13771,Josh Harrison,2B,3.5267720000000002,2900,0,0,0,0,1,0,1,0,0,0,0,0,0,0,0,0,0,0,0,0,0,0,0,0,0,0,0,0,0,0,0,0,0,1,0,0,0
257,7.146153964,27274-81506,Jordan Luplow,OF,10.154782,2500,0,0,0,1,0,0,1,0,0,0,0,0,0,0,0,0,0,0,0,0,0,0,0,0,0,0,0,0,0,0,0,0,0,1,0,0,0
258,6.356000162999999,27274-5945,David Freese,3B,8.247356,2500,0,1,0,0,0,0,1,0,0,0,0,0,0,0,0,0,0,0,0,0,0,0,0,0,0,0,0,0,0,0,0,0,0,1,0,0,0
259,7.170103093,27274-52168,Colin Moran,3B,12.802796,2200,0,1,0,0,0,0,1,0,0,0,0,0,0,0,0,0,0,0,0,0,0,0,0,0,0,0,0,0,0,0,0,0,0,1,0,0,0
260,7.581915023,27274-13687,Jordy Mercer,SS,6.968561599999999,2200,0,0,1,0,0,0,1,0,0,0,0,0,0,0,0,0,0,0,0,0,0,0,0,0,0,0,0,0,0,0,0,0,0,1,0,0,0
261,5.393650599999999,27274-70898,Adam Frazier,OF,4.8401012,2100,0,0,0,1,0,0,1,0,0,0,0,0,0,0,0,0,0,0,0,0,0,0,0,0,0,0,0,0,0,0,0,0,0,1,0,0,0
262,5.573770492,27274-6140,Sean Rodriguez,2B,7.5874815,2100,0,0,0,0,1,0,1,0,0,0,0,0,0,0,0,0,0,0,0,0,0,0,0,0,0,0,0,0,0,0,0,0,0,1,0,0,0
263,5.4192305339999995,27274-72264,Max Moroff,2B,10.636457,2000,0,0,0,0,1,0,1,0,0,0,0,0,0,0,0,0,0,0,0,0,0,0,0,0,0,0,0,0,0,0,0,0,0,1,0,0,0
264,3.523999939,27274-79847,Jose Osuna,OF,6.1313257000000005,2000,0,0,0,1,0,0,1,0,0,0,0,0,0,0,0,0,0,0,0,0,0,0,0,0,0,0,0,0,0,0,0,0,0,1,0,0,0
265,12.22424193,27274-68587,Ozzie Albies,2B,7.2871156,4000,0,0,0,0,1,0,1,0,0,0,0,0,0,0,0,0,0,0,0,0,0,0,1,0,0,0,0,0,0,0,0,0,0,0,0,0,0
266,11.14854416,27274-5263,Nick Markakis,OF,7.861057799999999,3500,0,0,0,1,0,0,1,0,0,0,0,0,0,0,0,0,0,0,0,0,0,0,1,0,0,0,0,0,0,0,0,0,0,0,0,0,0
267,8.223809524,27274-38117,Adam Duvall,OF,9.913095,2900,0,0,0,1,0,0,1,0,0,0,0,0,0,0,0,0,0,0,0,0,0,0,1,0,0,0,0,0,0,0,0,0,0,0,0,0,0
268,9.687999878,27274-13691,Ender Inciarte,OF,7.382732000000001,2900,0,0,0,1,0,0,1,0,0,0,0,0,0,0,0,0,0,0,0,0,0,0,1,0,0,0,0,0,0,0,0,0,0,0,0,0,0
269,9.109876845,27274-68499,Johan Camargo,3B,8.088429,2800,0,1,0,0,0,0,1,0,0,0,0,0,0,0,0,0,0,0,0,0,0,0,1,0,0,0,0,0,0,0,0,0,0,0,0,0,0
270,8.503448136,27274-68586,Dansby Swanson,SS,8.252086,2800,0,0,1,0,0,0,1,0,0,0,0,0,0,0,0,0,0,0,0,0,0,0,1,0,0,0,0,0,0,0,0,0,0,0,0,0,0
271,7.101388719,27274-13034,Charlie Culberson,2B,9.408796,2600,0,0,0,0,1,0,1,0,0,0,0,0,0,0,0,0,0,0,0,0,0,0,1,0,0,0,0,0,0,0,0,0,0,0,0,0,0
272,1.239999962,27274-21166,Michael Reed,OF,4.1715599999999995,2100,0,0,0,1,0,0,1,0,0,0,0,0,0,0,0,0,0,0,0,0,0,0,1,0,0,0,0,0,0,0,0,0,0,0,0,0,0
273,2.65,27274-13520,Phil Gosselin,3B,6.8709755,2000,0,1,0,0,0,0,1,0,0,0,0,0,0,0,0,0,0,0,0,0,0,0,1,0,0,0,0,0,0,0,0,0,0,0,0,0,0
274,4.692424427,27274-13731,Ryan Flaherty,3B,7.6020064,2000,0,1,0,0,0,0,1,0,0,0,0,0,0,0,0,0,0,0,0,0,0,0,1,0,0,0,0,0,0,0,0,0,0,0,0,0,0
275,4.119999948999999,27274-13851,Danny Santana,OF,7.1473603,2000,0,0,0,1,0,0,1,0,0,0,0,0,0,0,0,0,0,0,0,0,0,0,1,0,0,0,0,0,0,0,0,0,0,0,0,0,0
276,10.10206211,27274-61553,Yoan Moncada,2B,9.822751,3500,0,0,0,0,1,0,1,0,0,0,1,0,0,0,0,0,0,0,0,0,0,0,0,0,0,0,0,0,0,0,0,0,0,0,0,0,0
277,10.19999972,27274-12985,Avisail Garcia,OF,10.329248,3000,0,0,0,1,0,0,1,0,0,0,1,0,0,0,0,0,0,0,0,0,0,0,0,0,0,0,0,0,0,0,0,0,0,0,0,0,0
278,9.610784193999999,27274-60672,Tim Anderson,SS,8.998683,2800,0,0,1,0,0,0,1,0,0,0,1,0,0,0,0,0,0,0,0,0,0,0,0,0,0,0,0,0,0,0,0,0,0,0,0,0,0
279,8.69207945,27274-21161,Yolmer Sanchez,3B,8.013403,2500,0,1,0,0,0,0,1,0,0,0,1,0,0,0,0,0,0,0,0,0,0,0,0,0,0,0,0,0,0,0,0,0,0,0,0,0,0
280,7.744776484,27274-13378,Leury Garcia,OF,11.216186,2500,0,0,0,1,0,0,1,0,0,0,1,0,0,0,0,0,0,0,0,0,0,0,0,0,0,0,0,0,0,0,0,0,0,0,0,0,0
281,5.857446549,27274-80457,Adam Engel,OF,7.924663499999999,2100,0,0,0,1,0,0,1,0,0,0,1,0,0,0,0,0,0,0,0,0,0,0,0,0,0,0,0,0,0,0,0,0,0,0,0,0,0
282,6.345454823,27274-68546,Jose Rondon,SS,8.595371,2100,0,0,1,0,0,0,1,0,0,0,1,0,0,0,0,0,0,0,0,0,0,0,0,0,0,0,0,0,0,0,0,0,0,0,0,0,0
283,4.131110975,27274-13388,Ryan LaMarre,OF,5.110764,2100,0,0,0,1,0,0,1,0,0,0,1,0,0,0,0,0,0,0,0,0,0,0,0,0,0,0,0,0,0,0,0,0,0,0,0,0,0
284,3.911764706,27274-13596,Trayce Thompson,OF,7.2565875,2000,0,0,0,1,0,0,1,0,0,0,1,0,0,0,0,0,0,0,0,0,0,0,0,0,0,0,0,0,0,0,0,0,0,0,0,0,0
285,4.851219363,27274-38316,Charlie Tilson,OF,8.566346000000001,2000,0,0,0,1,0,0,1,0,0,0,1,0,0,0,0,0,0,0,0,0,0,0,0,0,0,0,0,0,0,0,0,0,0,0,0,0,0
286,10.29504999,27274-70562,Whit Merrifield,2B,10.595939,3600,0,0,0,0,1,0,1,0,0,0,0,0,0,1,0,0,0,0,0,0,0,0,0,0,0,0,0,0,0,0,0,0,0,0,0,0,0
287,10.14230816,27274-52164,Adalberto Mondesi,SS,7.9900594,2800,0,0,1,0,0,0,1,0,0,0,0,0,0,1,0,0,0,0,0,0,0,0,0,0,0,0,0,0,0,0,0,0,0,0,0,0,0
288,8.217391304,27274-52732,Jorge Bonifacio,OF,9.416785,2600,0,0,0,1,0,0,1,0,0,0,0,0,0,1,0,0,0,0,0,0,0,0,0,0,0,0,0,0,0,0,0,0,0,0,0,0,0
289,6.80229871,27274-5135,Alex Gordon,OF,9.236683,2300,0,0,0,1,0,0,1,0,0,0,0,0,0,1,0,0,0,0,0,0,0,0,0,0,0,0,0,0,0,0,0,0,0,0,0,0,0
290,2.962500095,27274-68533,Brett Phillips,OF,8.444675,2100,0,0,0,1,0,0,1,0,0,0,0,0,0,1,0,0,0,0,0,0,0,0,0,0,0,0,0,0,0,0,0,0,0,0,0,0,0
291,5.6735295310000025,27274-5445,Alcides Escobar,SS,8.273596000000001,2100,0,0,1,0,0,0,1,0,0,0,0,0,0,1,0,0,0,0,0,0,0,0,0,0,0,0,0,0,0,0,0,0,0,0,0,0,0
292,4.14444436,27274-80562,Ramon Torres,3B,6.352142,2000,0,1,0,0,0,0,1,0,0,0,0,0,0,1,0,0,0,0,0,0,0,0,0,0,0,0,0,0,0,0,0,0,0,0,0,0,0
293,3.987999878,27274-13584,Paulo Orlando,OF,6.924160499999999,2000,0,0,0,1,0,0,1,0,0,0,0,0,0,1,0,0,0,0,0,0,0,0,0,0,0,0,0,0,0,0,0,0,0,0,0,0,0
294,5.01,27274-14019,Abraham Almonte,OF,7.2561827,2000,0,0,0,1,0,0,1,0,0,0,0,0,0,1,0,0,0,0,0,0,0,0,0,0,0,0,0,0,0,0,0,0,0,0,0,0,0
295,3.099999905,27274-6915,Adam Moore,C,9.071544,2100,0,0,0,0,0,1,1,0,0,0,0,0,0,0,0,0,0,0,1,0,0,0,0,0,0,0,0,0,0,0,0,0,0,0,0,0,0
296,4.1363636360000005,27274-13201,Jesus Sucre,C,7.123006299999999,2000,0,0,0,0,0,1,1,0,0,0,0,0,0,0,0,0,0,0,1,0,0,0,0,0,0,0,0,0,0,0,0,0,0,0,0,0,0
297,4.273469263,27274-38595,Blake Swihart,C,7.877987400000001,2300,0,0,0,0,0,1,1,0,0,1,0,0,0,0,0,0,0,0,0,0,0,0,0,0,0,0,0,0,0,0,0,0,0,0,0,0,0
298,6.535185072000001,27274-17105,Sandy Leon,C,6.321931,2100,0,0,0,0,0,1,1,0,0,1,0,0,0,0,0,0,0,0,0,0,0,0,0,0,0,0,0,0,0,0,0,0,0,0,0,0,0
299,6.875640869,27274-38324,Jorge Alfaro,C,5.888273000000001,2600,0,0,0,0,0,1,1,0,0,0,0,0,0,0,0,0,0,0,0,0,0,0,0,0,0,0,0,0,0,0,0,0,1,0,0,0,0
300,5.735000102000001,27274-79212,Andrew Knapp,C,7.732421400000001,2200,0,0,0,0,0,1,1,0,0,0,0,0,0,0,0,0,0,0,0,0,0,0,0,0,0,0,0,0,0,0,0,0,1,0,0,0,0
301,8.540259423,27274-16981,Yan Gomes,C,9.33118,2300,0,0,0,0,0,1,1,0,0,0,0,1,0,0,0,0,0,0,0,0,0,0,0,0,0,0,0,0,0,0,0,0,0,0,0,0,0
302,4.182500076,27274-21165,Roberto Perez,C,5.778514,2000,0,0,0,0,0,1,1,0,0,0,0,1,0,0,0,0,0,0,0,0,0,0,0,0,0,0,0,0,0,0,0,0,0,0,0,0,0
303,6.8347826970000005,27274-81622,Mitch Garver,C,9.889907000000001,2500,0,0,0,0,0,1,1,0,0,0,0,0,0,0,1,0,0,0,0,0,0,0,0,0,0,0,0,0,0,0,0,0,0,0,0,0,0
304,4.792105424,27274-6221,Bobby Wilson,C,7.2781305,2000,0,0,0,0,0,1,1,0,0,0,0,0,0,0,1,0,0,0,0,0,0,0,0,0,0,0,0,0,0,0,0,0,0,0,0,0,0
305,7.228571211,27274-12428,Erik Kratz,C,5.3101134000000005,2400,0,0,0,0,0,1,1,0,0,0,0,0,0,0,0,0,0,0,0,0,0,0,0,0,0,0,0,0,0,1,0,0,0,0,0,0,0
306,6.746268657000001,27274-13209,Manny Pina,C,3.1118662,2100,0,0,0,0,0,1,1,0,0,0,0,0,0,0,0,0,0,0,0,0,0,0,0,0,0,0,0,0,0,1,0,0,0,0,0,0,0
307,3.8125,27274-17067,Jett Bandy,C,6.235628599999999,2000,0,0,0,0,0,1,1,0,0,0,0,0,0,0,0,0,0,0,0,0,0,0,0,0,0,0,0,0,0,1,0,0,0,0,0,0,0
308,10.20786517,27274-13303,Yasmani Grandal,C,15.703904000000001,3100,0,0,0,0,0,1,1,0,0,0,0,0,0,0,0,0,0,0,0,0,0,0,0,0,0,0,0,0,1,0,0,0,0,0,0,0,0
309,4.148000081,27274-38297,Austin Barnes,C,4.805464,2000,0,0,0,0,0,1,1,0,0,0,0,0,0,0,0,0,0,0,0,0,0,0,0,0,0,0,0,0,1,0,0,0,0,0,0,0,0
310,8.559574207999999,27274-13009,Austin Romine,C,8.147482,2500,0,0,0,0,0,1,1,0,0,0,0,0,0,0,0,1,0,0,0,0,0,0,0,0,0,0,0,0,0,0,0,0,0,0,0,0,0
311,6.13061212,27274-13473,Caleb Joseph,C,7.558123599999999,2200,0,0,0,0,0,1,1,0,1,0,0,0,0,0,0,0,0,0,0,0,0,0,0,0,0,0,0,0,0,0,0,0,0,0,0,0,0
312,5.251724243,27274-68492,Chance Sisco,C,6.3183417,2000,0,0,0,0,0,1,1,0,1,0,0,0,0,0,0,0,0,0,0,0,0,0,0,0,0,0,0,0,0,0,0,0,0,0,0,0,0
313,4.8,27274-5122,Alex Avila,C,7.723862599999999,2400,0,0,0,0,0,1,1,0,0,0,0,0,0,0,0,0,0,0,0,0,0,1,0,0,0,0,0,0,0,0,0,0,0,0,0,0,0
314,6.0292682179999995,27274-5282,Jeff Mathis,C,9.673906,2300,0,0,0,0,0,1,1,0,0,0,0,0,0,0,0,0,0,0,0,0,0,1,0,0,0,0,0,0,0,0,0,0,0,0,0,0,0
315,5.9212119360000015,27274-14018,John Ryan Murphy,C,9.432307000000002,2000,0,0,0,0,0,1,1,0,0,0,0,0,0,0,0,0,0,0,0,0,0,1,0,0,0,0,0,0,0,0,0,0,0,0,0,0,0
316,9.814285873,27274-12988,Robinson Chirinos,C,7.5172777,2400,0,0,0,0,0,1,1,0,0,0,0,0,0,0,0,0,0,0,0,1,0,0,0,0,0,0,0,0,0,0,0,0,0,0,0,0,0
317,8.141558759,27274-82977,Isiah Kiner-Falefa,C,5.872711,2100,0,0,0,0,0,1,1,0,0,0,0,0,0,0,0,0,0,0,0,1,0,0,0,0,0,0,0,0,0,0,0,0,0,0,0,0,0
318,3.070833206,27274-21183,Carlos Perez,C,4.652292,2000,0,0,0,0,0,1,1,0,0,0,0,0,0,0,0,0,0,0,0,1,0,0,0,0,0,0,0,0,0,0,0,0,0,0,0,0,0
319,5.309999847,27274-13959,Juan Centeno,C,9.8090315,2000,0,0,0,0,0,1,1,0,0,0,0,0,0,0,0,0,0,0,0,1,0,0,0,0,0,0,0,0,0,0,0,0,0,0,0,0,0
320,9.724731445,27274-17015,Evan Gattis,C,11.349894,2700,0,0,0,0,0,1,1,0,0,0,0,0,0,0,0,0,0,0,0,0,0,0,0,0,0,0,0,1,0,0,0,0,0,0,0,0,0
321,6.566249847000001,27274-13253,Martin Maldonado,C,8.312983500000001,2100,0,0,0,0,0,1,1,0,0,0,0,0,0,0,0,0,0,0,0,0,0,0,0,0,0,0,0,1,0,0,0,0,0,0,0,0,0
322,5.279999924,27274-13416,Tim Federowicz,C,9.728137,2100,0,0,0,0,0,1,1,0,0,0,0,0,0,0,0,0,0,0,0,0,0,0,0,0,0,0,0,1,0,0,0,0,0,0,0,0,0
323,7.246874808999999,27274-13436,Max Stassi,C,3.8122141000000003,2100,0,0,0,0,0,1,1,0,0,0,0,0,0,0,0,0,0,0,0,0,0,0,0,0,0,0,0,1,0,0,0,0,0,0,0,0,0
324,7.652238988,27274-37983,Mike Zunino,C,8.706628,2300,0,0,0,0,0,1,1,0,0,0,0,0,0,0,0,0,0,1,0,0,0,0,0,0,0,0,0,0,0,0,0,0,0,0,0,0,0
325,5.223529591,27274-13359,Chris Herrmann,C,8.535153,2100,0,0,0,0,0,1,1,0,0,0,0,0,0,0,0,0,0,1,0,0,0,0,0,0,0,0,0,0,0,0,0,0,0,0,0,0,0
326,2.7200000760000003,27274-81929,Mike Marjama,C,7.5024705,2000,0,0,0,0,0,1,1,0,0,0,0,0,0,0,0,0,0,1,0,0,0,0,0,0,0,0,0,0,0,0,0,0,0,0,0,0,0
327,4.468965728,27274-81883,David Freitas,C,6.1487784,2000,0,0,0,0,0,1,1,0,0,0,0,0,0,0,0,0,0,1,0,0,0,0,0,0,0,0,0,0,0,0,0,0,0,0,0,0,0
328,5.837142944,27274-5265,Matt Wieters,C,10.387258000000001,2500,0,0,0,0,0,1,1,0,0,0,0,0,0,0,0,0,0,0,0,0,0,0,0,0,0,0,0,0,0,0,1,0,0,0,0,0,0
329,3.685185185,27274-74146,Spencer Kieboom,C,8.0783825,2100,0,0,0,0,0,1,1,0,0,0,0,0,0,0,0,0,0,0,0,0,0,0,0,0,0,0,0,0,0,0,1,0,0,0,0,0,0
330,4.779365176000001,27274-65991,Pedro Severino,C,9.810214,2000,0,0,0,0,0,1,1,0,0,0,0,0,0,0,0,0,0,0,0,0,0,0,0,0,0,0,0,0,0,0,1,0,0,0,0,0,0
331,1.5,27274-5475,Miguel Montero,C,8.054718,2000,0,0,0,0,0,1,1,0,0,0,0,0,0,0,0,0,0,0,0,0,0,0,0,0,0,0,0,0,0,0,1,0,0,0,0,0,0
332,6.745588415,27274-12923,Devin Mesoraco,C,8.864203999999999,2600,0,0,0,0,0,1,1,0,0,0,0,0,0,0,0,0,0,0,0,0,0,0,0,0,0,0,0,0,0,0,0,1,0,0,0,0,0
333,7.694594925,27274-52171,Kevin Plawecki,C,6.076382,2100,0,0,0,0,0,1,1,0,0,0,0,0,0,0,0,0,0,0,0,0,0,0,0,0,0,0,0,0,0,0,0,1,0,0,0,0,0
334,3.89999992,27274-6025,Jose Lobaton,C,9.1043,2000,0,0,0,0,0,1,1,0,0,0,0,0,0,0,0,0,0,0,0,0,0,0,0,0,0,0,0,0,0,0,0,1,0,0,0,0,0
335,7.096969604,27274-5084,Chris Iannetta,C,7.401134,2600,0,0,0,0,0,1,1,0,0,0,0,0,0,0,0,0,0,0,0,0,0,0,0,0,0,1,0,0,0,0,0,0,0,0,0,0,0
336,5.80000013,27274-38127,Tony Wolters,C,8.739367999999999,2200,0,0,0,0,0,1,1,0,0,0,0,0,0,0,0,0,0,0,0,0,0,0,0,0,0,1,0,0,0,0,0,0,0,0,0,0,0
337,6.365384615,27274-52157,Tom Murphy,C,8.160473,2100,0,0,0,0,0,1,1,0,0,0,0,0,0,0,0,0,0,0,0,0,0,0,0,0,0,1,0,0,0,0,0,0,0,0,0,0,0
338,9.819736681,27274-5181,Yadier Molina,C,7.5472470000000005,3000,0,0,0,0,0,1,1,0,0,0,0,0,0,0,0,0,0,0,0,0,0,0,0,0,0,0,0,0,0,0,0,0,0,0,1,0,0
339,3.76428586,27274-13615,Francisco Pena,C,7.632148,2100,0,0,0,0,0,1,1,0,0,0,0,0,0,0,0,0,0,0,0,0,0,0,0,0,0,0,0,0,0,0,0,0,0,0,1,0,0
340,1.5833333330000001,27274-73871,Carson Kelly,C,6.882283999999999,2000,0,0,0,0,0,1,1,0,0,0,0,0,0,0,0,0,0,0,0,0,0,0,0,0,0,0,0,0,0,0,0,0,0,0,1,0,0
341,7.889887777999999,27274-13304,Tucker Barnhart,C,9.086849,2700,0,0,0,0,0,1,1,0,0,0,0,0,0,0,0,0,0,0,0,0,0,0,0,0,1,0,0,0,0,0,0,0,0,0,0,0,0
342,6.4499997229999995,27274-17012,Curt Casali,C,12.468914,2600,0,0,0,0,0,1,1,0,0,0,0,0,0,0,0,0,0,0,0,0,0,0,0,0,1,0,0,0,0,0,0,0,0,0,0,0,0
343,4.155555725,27274-13149,Tony Cruz,C,7.894721499999999,2000,0,0,0,0,0,1,1,0,0,0,0,0,0,0,0,0,0,0,0,0,0,0,0,0,1,0,0,0,0,0,0,0,0,0,0,0,0
344,6.396774456,27274-5190,Victor Martinez,C,4.8246727,2600,0,0,0,0,0,1,1,0,0,0,0,0,1,0,0,0,0,0,0,0,0,0,0,0,0,0,0,0,0,0,0,0,0,0,0,0,0
345,6.551282051,27274-17171,James McCann,C,4.6986875999999995,2000,0,0,0,0,0,1,1,0,0,0,0,0,1,0,0,0,0,0,0,0,0,0,0,0,0,0,0,0,0,0,0,0,0,0,0,0,0
346,6.870732005,27274-12237,Jonathan Lucroy,C,5.6330748,2300,0,0,0,0,0,1,1,0,0,0,0,0,0,0,0,0,1,0,0,0,0,0,0,0,0,0,0,0,0,0,0,0,0,0,0,0,0
347,7.700000339,27274-13238,Josh Phegley,C,11.399815,2200,0,0,0,0,0,1,1,0,0,0,0,0,0,0,0,0,1,0,0,0,0,0,0,0,0,0,0,0,0,0,0,0,0,0,0,0,0
348,5.222222222,27274-71874,Bruce Maxwell,C,8.699548,2000,0,0,0,0,0,1,1,0,0,0,0,0,0,0,0,0,1,0,0,0,0,0,0,0,0,0,0,0,0,0,0,0,0,0,0,0,0
349,7.607843137000001,27274-52995,Luke Maile,C,7.2940207,2300,0,0,0,0,0,1,1,0,0,0,0,0,0,0,0,0,0,0,0,0,1,0,0,0,0,0,0,0,0,0,0,0,0,0,0,0,0
350,7.5571428570000005,27274-5299,Russell Martin,C,8.470295,2200,0,0,0,0,0,1,1,0,0,0,0,0,0,0,0,0,0,0,0,0,1,0,0,0,0,0,0,0,0,0,0,0,0,0,0,0,0
351,9.216483651,27274-21887,Willson Contreras,C,9.26097,2800,0,0,0,0,0,1,1,0,0,0,0,0,0,0,0,0,0,0,0,0,0,0,0,1,0,0,0,0,0,0,0,0,0,0,0,0,0
352,4.895238241,27274-80848,Victor Caratini,C,8.118853,2100,0,0,0,0,0,1,1,0,0,0,0,0,0,0,0,0,0,0,0,0,0,0,0,1,0,0,0,0,0,0,0,0,0,0,0,0,0
353,2.8083333969999997,27274-5227,Chris Gimenez,C,6.6150839999999995,2000,0,0,0,0,0,1,1,0,0,0,0,0,0,0,0,0,0,0,0,0,0,0,0,1,0,0,0,0,0,0,0,0,0,0,0,0,0
354,7.772131247999999,27274-54307,Elias Diaz,C,4.680295500000001,2500,0,0,0,0,0,1,1,0,0,0,0,0,0,0,0,0,0,0,0,0,0,0,0,0,0,0,0,0,0,0,0,0,0,1,0,0,0
355,9.709524003,27274-5884,Francisco Cervelli,C,8.058638,2500,0,0,0,0,0,1,1,0,0,0,0,0,0,0,0,0,0,0,0,0,0,0,0,0,0,0,0,0,0,0,0,0,0,1,0,0,0
356,8.561972175,27274-5311,Kurt Suzuki,C,8.010694,2600,0,0,0,0,0,1,1,0,0,0,0,0,0,0,0,0,0,0,0,0,0,0,1,0,0,0,0,0,0,0,0,0,0,0,0,0,0
357,8.028260604,27274-6282,Tyler Flowers,C,8.914888000000001,2500,0,0,0,0,0,1,1,0,0,0,0,0,0,0,0,0,0,0,0,0,0,0,1,0,0,0,0,0,0,0,0,0,0,0,0,0,0
358,6.419999695,27274-12564,Chris Stewart,C,6.1634064,2000,0,0,0,0,0,1,1,0,0,0,0,0,0,0,0,0,0,0,0,0,0,0,1,0,0,0,0,0,0,0,0,0,0,0,0,0,0
359,6.6810344829999995,27274-71217,Omar Narvaez,C,4.527869,2300,0,0,0,0,0,1,1,0,0,0,1,0,0,0,0,0,0,0,0,0,0,0,0,0,0,0,0,0,0,0,0,0,0,0,0,0,0
360,7.5461537289999985,27274-70277,Kevan Smith,C,8.669475,2200,0,0,0,0,0,1,1,0,0,0,1,0,0,0,0,0,0,0,0,0,0,0,0,0,0,0,0,0,0,0,0,0,0,0,0,0,0
361,8.299999815,27274-12495,Welington Castillo,C,9.542195,2000,0,0,0,0,0,1,1,0,0,0,1,0,0,0,0,0,0,0,0,0,0,0,0,0,0,0,0,0,0,0,0,0,0,0,0,0,0
362,9.545782985,27274-13266,Salvador Perez,C,11.826674,3400,0,0,0,0,0,1,1,0,0,0,0,0,0,1,0,0,0,0,0,0,0,0,0,0,0,0,0,0,0,0,0,0,0,0,0,0,0
363,5.153488514,27274-11311,Drew Butera,C,7.9584417,2100,0,0,0,0,0,1,1,0,0,0,0,0,0,1,0,0,0,0,0,0,0,0,0,0,0,0,0,0,0,0,0,0,0,0,0,0,0
364,9.341935353,27274-5177,Albert Pujols,1B,9.584438,3000,0,0,0,0,0,1,1,1,0,0,0,0,0,0,0,0,0,0,0,0,0,0,0,0,0,0,0,0,0,0,0,0,0,0,0,0,0
365,4.453703704,27274-17091,Jefry Marte,1B,7.191947,2000,0,0,0,0,0,1,1,1,0,0,0,0,0,0,0,0,0,0,0,0,0,0,0,0,0,0,0,0,0,0,0,0,0,0,0,0,0
366,10.33505155,27274-38965,C.J. Cron,1B,9.006209,3600,0,0,0,0,0,1,1,0,0,0,0,0,0,0,0,0,0,0,1,0,0,0,0,0,0,0,0,0,0,0,0,0,0,0,0,0,0
367,7.077272589,27274-52187,Ji-Man Choi,1B,8.662195,2400,0,0,0,0,0,1,1,0,0,0,0,0,0,0,0,0,0,0,1,0,0,0,0,0,0,0,0,0,0,0,0,0,0,0,0,0,0
368,9.756626359,27274-12462,Mitch Moreland,1B,9.330374,3200,0,0,0,0,0,1,1,0,0,1,0,0,0,0,0,0,0,0,0,0,0,0,0,0,0,0,0,0,0,0,0,0,0,0,0,0,0
369,9.083721072000001,27274-5532,Steve Pearce,1B,8.508385,3100,0,0,0,0,0,1,1,0,0,1,0,0,0,0,0,0,0,0,0,0,0,0,0,0,0,0,0,0,0,0,0,0,0,0,0,0,0
370,10.53409091,27274-5153,Hanley Ramirez,1B,7.762588,2000,0,0,0,0,0,1,1,0,0,1,0,0,0,0,0,0,0,0,0,0,0,0,0,0,0,0,0,0,0,0,0,0,0,0,0,0,0
371,10.36415071,27274-12310,Carlos Santana,1B,12.967872,3700,0,0,0,0,0,1,1,0,0,0,0,0,0,0,0,0,0,0,0,0,0,0,0,0,0,0,0,0,0,0,0,0,1,0,0,0,0
372,4.5285715380000005,27274-12236,Trevor Plouffe,1B,9.549575,2100,0,0,0,0,0,1,1,0,0,0,0,0,0,0,0,0,0,0,0,0,0,0,0,0,0,0,0,0,0,0,0,0,1,0,0,0,0
373,11.51595745,27274-5562,Edwin Encarnacion,1B,9.985702999999999,3700,0,0,0,0,0,1,1,0,0,0,0,1,0,0,0,0,0,0,0,0,0,0,0,0,0,0,0,0,0,0,0,0,0,0,0,0,0
374,10.09684223,27274-12521,Yonder Alonso,1B,9.755608,3400,0,0,0,0,0,1,1,0,0,0,0,1,0,0,0,0,0,0,0,0,0,0,0,0,0,0,0,0,0,0,0,0,0,0,0,0,0
375,8.004651447,27274-12458,Logan Morrison,1B,8.688742,2600,0,0,0,0,0,1,1,0,0,0,0,0,0,0,1,0,0,0,0,0,0,0,0,0,0,0,0,0,0,0,0,0,0,0,0,0,0
376,8.761842427000001,27274-5206,Joe Mauer,1B,11.192363,2500,0,0,0,0,0,1,1,0,0,0,0,0,0,0,1,0,0,0,0,0,0,0,0,0,0,0,0,0,0,0,0,0,0,0,0,0,0
377,9.961765065,27274-21699,Tyler Austin,1B,6.829598,2200,0,0,0,0,0,1,1,0,0,0,0,0,0,0,1,0,0,0,0,0,0,0,0,0,0,0,0,0,0,0,0,0,0,0,0,0,0
378,11.21041616,27274-38016,Jesus Aguilar,1B,14.849995000000002,3300,0,0,0,0,0,1,1,0,0,0,0,0,0,0,0,0,0,0,0,0,0,0,0,0,0,0,0,0,0,1,0,0,0,0,0,0,0
379,11.44235265,27274-52176,Max Muncy,1B,13.578404,3600,0,0,0,0,0,1,1,0,0,0,0,0,0,0,0,0,0,0,0,0,0,0,0,0,0,0,0,0,1,0,0,0,0,0,0,0,0
380,9.08627439,27274-38140,Greg Bird,1B,6.477619,3400,0,0,0,0,0,1,1,0,0,0,0,0,0,0,0,1,0,0,0,0,0,0,0,0,0,0,0,0,0,0,0,0,0,0,0,0,0
381,4.7375001910000005,27274-80838,Luke Voit,1B,8.8763075,2300,0,0,0,0,0,1,1,0,0,0,0,0,0,0,0,1,0,0,0,0,0,0,0,0,0,0,0,0,0,0,0,0,0,0,0,0,0
382,7.148863359,27274-5904,Chris Davis,1B,9.474606,2600,0,0,0,0,0,1,1,0,1,0,0,0,0,0,0,0,0,0,0,0,0,0,0,0,0,0,0,0,0,0,0,0,0,0,0,0,0
383,11.97735826,27274-12968,Paul Goldschmidt,1B,10.006569,4300,0,0,0,0,0,1,1,0,0,0,0,0,0,0,0,0,0,0,0,0,0,1,0,0,0,0,0,0,0,0,0,0,0,0,0,0,0
384,7.882716049,27274-79262,Ronald Guzman,1B,6.113682700000001,2400,0,0,0,0,0,1,1,0,0,0,0,0,0,0,0,0,0,0,0,1,0,0,0,0,0,0,0,0,0,0,0,0,0,0,0,0,0
385,4.92083327,27274-68525,J.D. Davis,1B,9.878382,2000,0,0,0,0,0,1,1,0,0,0,0,0,0,0,0,0,0,0,0,0,0,0,0,0,0,0,0,1,0,0,0,0,0,0,0,0,0
386,6.694117827,27274-68627,Tyler White,1B,6.787466,2000,0,0,0,0,0,1,1,0,0,0,0,0,0,0,0,0,0,0,0,0,0,0,0,0,0,0,0,1,0,0,0,0,0,0,0,0,0
387,9.222726995,27274-71466,Ryon Healy,1B,7.224462,2500,0,0,0,0,0,1,1,0,0,0,0,0,0,0,0,0,0,1,0,0,0,0,0,0,0,0,0,0,0,0,0,0,0,0,0,0,0
388,7.794737163,27274-5062,Ryan Zimmerman,1B,8.687322,2900,0,0,0,0,0,1,1,0,0,0,0,0,0,0,0,0,0,0,0,0,0,0,0,0,0,0,0,0,0,0,1,0,0,0,0,0,0
389,8.941558442,27274-13799,Matt Adams,1B,9.676604,2800,0,0,0,0,0,1,1,0,0,0,0,0,0,0,0,0,0,0,0,0,0,0,0,0,0,0,0,0,0,0,1,0,0,0,0,0,0
390,8.245999756,27274-5474,Mark Reynolds,1B,10.421858,2500,0,0,0,0,0,1,1,0,0,0,0,0,0,0,0,0,0,0,0,0,0,0,0,0,0,0,0,0,0,0,1,0,0,0,0,0,0
391,7.23571414,27274-13638,Wilmer Flores,1B,8.303851,2800,0,0,0,0,0,1,1,0,0,0,0,0,0,0,0,0,0,0,0,0,0,0,0,0,0,0,0,0,0,0,0,1,0,0,0,0,0
392,3.596428462,27274-52170,Dominic Smith,1B,10.925199000000001,2200,0,0,0,0,0,1,1,0,0,0,0,0,0,0,0,0,0,0,0,0,0,0,0,0,0,0,0,0,0,0,0,1,0,0,0,0,0
393,6.962962963,27274-5032,Adrian Gonzalez,1B,8.665208999999999,2000,0,0,0,0,0,1,1,0,0,0,0,0,0,0,0,0,0,0,0,0,0,0,0,0,0,0,0,0,0,0,0,1,0,0,0,0,0
394,10.51666619,27274-6319,Ian Desmond,1B,9.480394,3200,0,0,0,0,0,1,1,0,0,0,0,0,0,0,0,0,0,0,0,0,0,0,0,0,0,1,0,0,0,0,0,0,0,0,0,0,0
395,4.114285839,27274-68514,Ryan McMahon,1B,8.774264,2100,0,0,0,0,0,1,1,0,0,0,0,0,0,0,0,0,0,0,0,0,0,0,0,0,0,1,0,0,0,0,0,0,0,0,0,0,0
396,10.61523786,27274-5488,Joey Votto,1B,6.8907557,3800,0,0,0,0,0,1,1,0,0,0,0,0,0,0,0,0,0,0,0,0,0,0,0,0,1,0,0,0,0,0,0,0,0,0,0,0,0
397,8.234210366000001,27274-21158,John Hicks,1B,6.40477,2300,0,0,0,0,0,1,1,0,0,0,0,0,1,0,0,0,0,0,0,0,0,0,0,0,0,0,0,0,0,0,0,0,0,0,0,0,0
398,9.668518066,27274-52175,Matt Olson,1B,9.597816,3300,0,0,0,0,0,1,1,0,0,0,0,0,0,0,0,0,1,0,0,0,0,0,0,0,0,0,0,0,0,0,0,0,0,0,0,0,0
399,10.42474239,27274-11443,Justin Smoak,1B,10.831244,3500,0,0,0,0,0,1,1,0,0,0,0,0,0,0,0,0,0,0,0,0,1,0,0,0,0,0,0,0,0,0,0,0,0,0,0,0,0
400,8.149411908,27274-5279,Kendrys Morales,1B,10.345735000000001,3200,0,0,0,0,0,1,1,0,0,0,0,0,0,0,0,0,0,0,0,0,1,0,0,0,0,0,0,0,0,0,0,0,0,0,0,0,0
401,11.1294742,27274-12940,Anthony Rizzo,1B,10.675805,4000,0,0,0,0,0,1,1,0,0,0,0,0,0,0,0,0,0,0,0,0,0,0,0,1,0,0,0,0,0,0,0,0,0,0,0,0,0
402,0.75,27274-13018,Efren Navarro,1B,8.827517,2000,0,0,0,0,0,1,1,0,0,0,0,0,0,0,0,0,0,0,0,0,0,0,0,1,0,0,0,0,0,0,0,0,0,0,0,0,0
403,12.44951504,27274-11334,Freddie Freeman,1B,8.674016,3900,0,0,0,0,0,1,1,0,0,0,0,0,0,0,0,0,0,0,0,0,0,0,1,0,0,0,0,0,0,0,0,0,0,0,0,0,0
404,10.086408,27274-49523,Jose Abreu,1B,9.451306,3700,0,0,0,0,0,1,1,0,0,0,1,0,0,0,0,0,0,0,0,0,0,0,0,0,0,0,0,0,0,0,0,0,0,0,0,0,0
405,9.108433735,27274-12965,Matt Davidson,1B,9.491078,2600,0,0,0,0,0,1,1,0,0,0,1,0,0,0,0,0,0,0,0,0,0,0,0,0,0,0,0,0,0,0,0,0,0,0,0,0,0
406,8.564062118999999,27274-12516,Lucas Duda,1B,9.531207,2600,0,0,0,0,0,1,1,0,0,0,0,0,0,1,0,0,0,0,0,0,0,0,0,0,0,0,0,0,0,0,0,0,0,0,0,0,0
407,6.185965019,27274-52162,Hunter Dozier,1B,7.8360424,2500,0,0,0,0,0,1,1,0,0,0,0,0,0,1,0,0,0,0,0,0,0,0,0,0,0,0,0,0,0,0,0,0,0,0,0,0,0
